adulteration_id,product_name,brand,category,adulterant,detection_date,detection_method,severity,health_risk,action_taken
1.0,Butter,BrandB,Meat,Artificial sweeteners,5/11/2024,Microbiological Analysis,Moderate,Low,Product Recall
2.0,Chicken,BrandC,Dairy,Coloring agents,5/23/2024,Sensory Evaluation,Severe,Medium,Warning Issued
3.0,Yogurt,BrandC,Meat,Artificial sweeteners,2/17/2024,Sensory Evaluation,Severe,High,Investigation Launched
4.0,Wine,BrandB,Beverages,Coloring agents,5/16/2024,Spectroscopy,Minor,Medium,Product Recall
5.0,Bread,BrandD,Dairy,Water,6/6/2024,Chemical Analysis,Severe,Medium,Warning Issued
6.0,Wine,BrandD,Dairy,Melamine,5/12/2024,Microbiological Analysis,Severe,Medium,Investigation Launched
7.0,Beef,BrandC,Meat,Melamine,4/1/2024,Chemical Analysis,Minor,Medium,Investigation Launched
8.0,Juice,BrandD,Beverages,Melamine,3/18/2024,Chemical Analysis,Moderate,High,Fine Imposed
9.0,Chicken,BrandC,Meat,Artificial sweeteners,6/14/2024,Microbiological Analysis,Minor,Low,Investigation Launched
10.0,Milk,BrandA,Bakery,Melamine,4/23/2024,Spectroscopy,Moderate,Medium,Fine Imposed
11.0,Cheese,BrandA,Beverages,Coloring agents,2/25/2024,Sensory Evaluation,Moderate,Low,Investigation Launched
12.0,Milk,BrandA,Condiments,Melamine,3/7/2024,Sensory Evaluation,Moderate,Low,Warning Issued
13.0,Bread,BrandC,Dairy,Chalk,4/1/2024,Chemical Analysis,Minor,High,Product Recall
14.0,Beef,BrandA,Meat,Chalk,6/13/2024,Chemical Analysis,Moderate,Medium,Warning Issued
15.0,Juice,BrandA,Condiments,Melamine,4/13/2024,Sensory Evaluation,Severe,Low,Investigation Launched
16.0,Honey,BrandB,Bakery,Melamine,5/13/2024,Spectroscopy,Minor,Medium,Investigation Launched
17.0,Wine,BrandE,Beverages,Melamine,4/7/2024,Chemical Analysis,Severe,Low,Product Recall
18.0,Yogurt,BrandB,Bakery,Chalk,6/10/2024,Spectroscopy,Moderate,High,Investigation Launched
19.0,Honey,BrandE,Beverages,Melamine,3/3/2024,Spectroscopy,Minor,Medium,Fine Imposed
20.0,Honey,BrandC,Condiments,Coloring agents,4/19/2024,Microbiological Analysis,Moderate,Low,Investigation Launched
21.0,Wine,BrandE,Dairy,Coloring agents,4/19/2024,Spectroscopy,Moderate,Medium,Fine Imposed
22.0,Cheese,BrandA,Dairy,Melamine,3/18/2024,Microbiological Analysis,Moderate,High,Fine Imposed
23.0,Wine,BrandD,Beverages,Coloring agents,2/5/2024,Spectroscopy,Severe,Low,Product Recall
24.0,Milk,BrandE,Meat,Melamine,3/17/2024,Sensory Evaluation,Minor,Medium,Warning Issued
25.0,Juice,BrandC,Dairy,Coloring agents,2/26/2024,Chemical Analysis,Moderate,High,Investigation Launched
26.0,Honey,BrandE,Meat,Chalk,6/14/2024,Chemical Analysis,Severe,High,Warning Issued
27.0,Chicken,BrandE,Condiments,Coloring agents,3/20/2024,Spectroscopy,Minor,Low,Warning Issued
28.0,Cheese,BrandC,Dairy,Chalk,3/25/2024,Sensory Evaluation,Moderate,Medium,Investigation Launched
29.0,Beef,BrandC,Meat,Melamine,5/19/2024,Spectroscopy,Moderate,High,Product Recall
30.0,Beef,BrandE,Meat,Melamine,5/30/2024,Spectroscopy,Moderate,Medium,Product Recall
31.0,Chicken,BrandA,Condiments,Water,1/2/2024,Microbiological Analysis,Minor,Medium,Fine Imposed
32.0,Honey,BrandB,Bakery,Melamine,6/16/2024,Spectroscopy,Moderate,High,Fine Imposed
33.0,Yogurt,BrandE,Beverages,Chalk,6/2/2024,Microbiological Analysis,Moderate,Medium,Investigation Launched
34.0,Honey,BrandD,Bakery,Water,6/5/2024,Spectroscopy,Severe,High,Fine Imposed
35.0,Juice,BrandE,Meat,Water,6/9/2024,Spectroscopy,Moderate,Low,Product Recall
36.0,Honey,BrandE,Beverages,Melamine,1/31/2024,Microbiological Analysis,Severe,Medium,Warning Issued
37.0,Yogurt,BrandA,Condiments,Water,2/19/2024,Microbiological Analysis,Moderate,High,Investigation Launched
38.0,Honey,BrandA,Meat,Artificial sweeteners,5/3/2024,Spectroscopy,Severe,Low,Warning Issued
39.0,Cheese,BrandD,Condiments,Coloring agents,1/20/2024,Spectroscopy,Minor,High,Product Recall
40.0,Yogurt,BrandC,Beverages,Melamine,5/15/2024,Microbiological Analysis,Minor,Medium,Fine Imposed
41.0,Juice,BrandD,Meat,Chalk,6/9/2024,Chemical Analysis,Minor,High,Product Recall
42.0,Milk,BrandD,Bakery,Artificial sweeteners,4/9/2024,Microbiological Analysis,Severe,Low,Investigation Launched
43.0,Bread,BrandC,Meat,Melamine,3/29/2024,Sensory Evaluation,Minor,High,Fine Imposed
44.0,Milk,BrandA,Bakery,Melamine,5/2/2024,Spectroscopy,Severe,High,Product Recall
45.0,Cheese,BrandC,Meat,Melamine,2/25/2024,Chemical Analysis,Severe,Medium,Fine Imposed
46.0,Beef,BrandC,Condiments,Melamine,1/13/2024,Sensory Evaluation,Minor,Low,Investigation Launched
47.0,Milk,BrandA,Bakery,Water,6/17/2024,Sensory Evaluation,Moderate,High,Warning Issued
48.0,Milk,BrandB,Condiments,Chalk,3/12/2024,Microbiological Analysis,Minor,Low,Investigation Launched
49.0,Juice,BrandB,Bakery,Coloring agents,3/1/2024,Chemical Analysis,Moderate,Medium,Product Recall
50.0,Butter,BrandE,Beverages,Chalk,6/23/2024,Chemical Analysis,Minor,Low,Product Recall
51.0,Yogurt,BrandA,Dairy,Artificial sweeteners,6/8/2024,Microbiological Analysis,Minor,Medium,Warning Issued
52.0,Yogurt,BrandC,Dairy,Melamine,2/12/2024,Spectroscopy,Severe,Medium,Warning Issued
53.0,Cheese,BrandB,Bakery,Coloring agents,6/2/2024,Spectroscopy,Moderate,High,Investigation Launched
54.0,Chicken,BrandE,Condiments,Melamine,3/17/2024,Spectroscopy,Severe,Low,Fine Imposed
55.0,Yogurt,BrandA,Bakery,Coloring agents,5/24/2024,Microbiological Analysis,Minor,Low,Product Recall
56.0,Milk,BrandD,Condiments,Artificial sweeteners,1/16/2024,Sensory Evaluation,Minor,Low,Product Recall
57.0,Wine,BrandA,Bakery,Water,5/21/2024,Sensory Evaluation,Moderate,Medium,Warning Issued
58.0,Butter,BrandA,Bakery,Melamine,6/2/2024,Chemical Analysis,Moderate,Medium,Warning Issued
59.0,Wine,BrandA,Condiments,Chalk,2/6/2024,Spectroscopy,Moderate,Low,Warning Issued
60.0,Bread,BrandD,Bakery,Chalk,3/26/2024,Sensory Evaluation,Moderate,Medium,Investigation Launched
61.0,Yogurt,BrandA,Condiments,Coloring agents,5/24/2024,Sensory Evaluation,Minor,Medium,Investigation Launched
62.0,Butter,BrandB,Condiments,Chalk,6/7/2024,Microbiological Analysis,Minor,High,Fine Imposed
63.0,Milk,BrandC,Condiments,Melamine,5/27/2024,Microbiological Analysis,Minor,Medium,Investigation Launched
64.0,Butter,BrandD,Meat,Water,5/7/2024,Spectroscopy,Minor,Low,Investigation Launched
65.0,Honey,BrandE,Dairy,Chalk,1/12/2024,Microbiological Analysis,Minor,Medium,Warning Issued
66.0,Chicken,BrandD,Dairy,Artificial sweeteners,1/8/2024,Spectroscopy,Minor,Medium,Warning Issued
67.0,Wine,BrandE,Meat,Coloring agents,1/27/2024,Spectroscopy,Minor,Low,Fine Imposed
68.0,Cheese,BrandC,Meat,Coloring agents,1/31/2024,Sensory Evaluation,Moderate,Low,Investigation Launched
69.0,Juice,BrandD,Beverages,Chalk,5/1/2024,Chemical Analysis,Minor,Low,Product Recall
70.0,Chicken,BrandE,Meat,Artificial sweeteners,3/20/2024,Microbiological Analysis,Moderate,Medium,Investigation Launched
71.0,Chicken,BrandB,Dairy,Coloring agents,1/17/2024,Microbiological Analysis,Severe,Low,Fine Imposed
72.0,Yogurt,BrandD,Condiments,Artificial sweeteners,5/23/2024,Microbiological Analysis,Moderate,High,Warning Issued
73.0,Wine,BrandD,Beverages,Water,6/1/2024,Spectroscopy,Minor,Low,Fine Imposed
74.0,Juice,BrandE,Condiments,Artificial sweeteners,5/21/2024,Sensory Evaluation,Severe,High,Product Recall
75.0,Bread,BrandC,Condiments,Water,5/6/2024,Sensory Evaluation,Severe,Low,Investigation Launched
76.0,Honey,BrandA,Meat,Melamine,4/11/2024,Sensory Evaluation,Minor,High,Warning Issued
77.0,Bread,BrandE,Beverages,Chalk,5/28/2024,Spectroscopy,Severe,High,Fine Imposed
78.0,Cheese,BrandC,Condiments,Water,3/3/2024,Sensory Evaluation,Minor,Medium,Product Recall
79.0,Cheese,BrandC,Dairy,Chalk,4/24/2024,Sensory Evaluation,Severe,High,Product Recall
80.0,Juice,BrandB,Condiments,Coloring agents,5/30/2024,Microbiological Analysis,Moderate,High,Product Recall
81.0,Bread,BrandC,Condiments,Chalk,1/10/2024,Spectroscopy,Minor,High,Fine Imposed
82.0,Yogurt,BrandE,Meat,Water,1/14/2024,Spectroscopy,Minor,Medium,Warning Issued
83.0,Milk,BrandC,Condiments,Artificial sweeteners,4/26/2024,Chemical Analysis,Moderate,High,Product Recall
84.0,Chicken,BrandC,Bakery,Chalk,3/7/2024,Sensory Evaluation,Moderate,Medium,Product Recall
85.0,Bread,BrandD,Dairy,Artificial sweeteners,4/30/2024,Chemical Analysis,Moderate,Medium,Investigation Launched
86.0,Chicken,BrandB,Dairy,Coloring agents,6/5/2024,Spectroscopy,Minor,High,Investigation Launched
87.0,Bread,BrandC,Dairy,Melamine,5/27/2024,Microbiological Analysis,Minor,High,Fine Imposed
88.0,Honey,BrandC,Condiments,Artificial sweeteners,3/30/2024,Spectroscopy,Severe,Medium,Investigation Launched
89.0,Cheese,BrandD,Dairy,Melamine,2/26/2024,Sensory Evaluation,Minor,Medium,Fine Imposed
90.0,Juice,BrandE,Meat,Chalk,2/25/2024,Microbiological Analysis,Severe,High,Investigation Launched
91.0,Chicken,BrandB,Bakery,Chalk,2/10/2024,Spectroscopy,Minor,Medium,Warning Issued
92.0,Bread,BrandA,Condiments,Artificial sweeteners,2/6/2024,Spectroscopy,Minor,Medium,Product Recall
93.0,Yogurt,BrandC,Meat,Artificial sweeteners,2/7/2024,Chemical Analysis,Minor,Low,Investigation Launched
94.0,Juice,BrandC,Dairy,Water,3/18/2024,Microbiological Analysis,Minor,High,Investigation Launched
95.0,Butter,BrandD,Dairy,Melamine,6/3/2024,Chemical Analysis,Severe,Medium,Product Recall
96.0,Butter,BrandE,Meat,Coloring agents,1/12/2024,Microbiological Analysis,Moderate,Low,Investigation Launched
97.0,Wine,BrandE,Bakery,Artificial sweeteners,3/2/2024,Chemical Analysis,Minor,High,Warning Issued
98.0,Beef,BrandB,Beverages,Chalk,5/1/2024,Chemical Analysis,Moderate,Medium,Fine Imposed
99.0,Juice,BrandD,Bakery,Artificial sweeteners,5/8/2024,Sensory Evaluation,Minor,High,Product Recall
100.0,Milk,BrandB,Condiments,Artificial sweeteners,1/29/2024,Chemical Analysis,Severe,Medium,Warning Issued
101.0,Milk,BrandD,Beverages,Water,1/30/2024,Sensory Evaluation,Severe,High,Investigation Launched
102.0,Juice,BrandC,Meat,Chalk,5/1/2024,Chemical Analysis,Severe,Medium,Investigation Launched
103.0,Butter,BrandB,Dairy,Water,6/1/2024,Spectroscopy,Moderate,High,Warning Issued
104.0,Bread,BrandA,Meat,Artificial sweeteners,1/12/2024,Microbiological Analysis,Severe,Medium,Investigation Launched
105.0,Milk,BrandA,Dairy,Water,5/13/2024,Sensory Evaluation,Severe,Medium,Warning Issued
106.0,Milk,BrandD,Meat,Artificial sweeteners,1/10/2024,Microbiological Analysis,Minor,Medium,Warning Issued
107.0,Wine,BrandB,Meat,Melamine,5/9/2024,Spectroscopy,Severe,Low,Investigation Launched
108.0,Cheese,BrandD,Beverages,Melamine,5/29/2024,Microbiological Analysis,Minor,Low,Investigation Launched
109.0,Wine,BrandC,Beverages,Artificial sweeteners,6/7/2024,Spectroscopy,Minor,Medium,Investigation Launched
110.0,Butter,BrandC,Bakery,Water,3/13/2024,Microbiological Analysis,Severe,High,Product Recall
111.0,Chicken,BrandD,Meat,Coloring agents,1/16/2024,Sensory Evaluation,Moderate,Low,Product Recall
112.0,Yogurt,BrandC,Bakery,Coloring agents,1/27/2024,Chemical Analysis,Severe,Medium,Warning Issued
113.0,Beef,BrandC,Beverages,Melamine,1/5/2024,Microbiological Analysis,Severe,High,Investigation Launched
114.0,Cheese,BrandE,Condiments,Chalk,4/16/2024,Sensory Evaluation,Moderate,High,Warning Issued
115.0,Butter,BrandC,Condiments,Water,5/26/2024,Chemical Analysis,Severe,Low,Warning Issued
116.0,Cheese,BrandC,Dairy,Coloring agents,1/15/2024,Microbiological Analysis,Severe,Low,Fine Imposed
117.0,Wine,BrandA,Condiments,Water,2/15/2024,Microbiological Analysis,Minor,Low,Warning Issued
118.0,Chicken,BrandB,Meat,Water,5/2/2024,Microbiological Analysis,Minor,Medium,Fine Imposed
119.0,Butter,BrandE,Meat,Melamine,4/23/2024,Microbiological Analysis,Minor,Low,Product Recall
120.0,Juice,BrandC,Dairy,Water,5/7/2024,Spectroscopy,Minor,Low,Investigation Launched
121.0,Chicken,BrandB,Bakery,Melamine,3/5/2024,Chemical Analysis,Moderate,Medium,Product Recall
122.0,Wine,BrandD,Condiments,Coloring agents,5/19/2024,Microbiological Analysis,Severe,High,Investigation Launched
123.0,Butter,BrandE,Meat,Chalk,2/25/2024,Microbiological Analysis,Moderate,High,Investigation Launched
124.0,Juice,BrandC,Bakery,Artificial sweeteners,5/7/2024,Spectroscopy,Minor,High,Warning Issued
125.0,Wine,BrandC,Dairy,Melamine,5/11/2024,Spectroscopy,Severe,Low,Fine Imposed
126.0,Beef,BrandC,Dairy,Water,6/6/2024,Spectroscopy,Severe,High,Warning Issued
127.0,Juice,BrandC,Bakery,Coloring agents,2/12/2024,Microbiological Analysis,Moderate,Low,Product Recall
128.0,Yogurt,BrandD,Condiments,Melamine,1/10/2024,Spectroscopy,Moderate,High,Warning Issued
129.0,Juice,BrandB,Bakery,Chalk,3/8/2024,Spectroscopy,Severe,High,Warning Issued
130.0,Bread,BrandB,Condiments,Melamine,2/25/2024,Microbiological Analysis,Moderate,High,Product Recall
131.0,Beef,BrandC,Bakery,Melamine,4/27/2024,Microbiological Analysis,Severe,Low,Warning Issued
132.0,Beef,BrandD,Dairy,Coloring agents,6/3/2024,Spectroscopy,Severe,Low,Product Recall
133.0,Juice,BrandC,Beverages,Coloring agents,5/14/2024,Microbiological Analysis,Moderate,Medium,Product Recall
134.0,Bread,BrandE,Meat,Melamine,1/3/2024,Chemical Analysis,Moderate,Low,Warning Issued
135.0,Beef,BrandD,Meat,Melamine,5/2/2024,Spectroscopy,Severe,Medium,Product Recall
136.0,Beef,BrandD,Condiments,Water,1/17/2024,Spectroscopy,Minor,High,Investigation Launched
137.0,Butter,BrandA,Condiments,Water,1/14/2024,Sensory Evaluation,Minor,Medium,Product Recall
138.0,Milk,BrandA,Beverages,Melamine,6/15/2024,Chemical Analysis,Minor,Medium,Investigation Launched
139.0,Cheese,BrandD,Bakery,Coloring agents,1/6/2024,Sensory Evaluation,Minor,Medium,Product Recall
140.0,Honey,BrandB,Condiments,Coloring agents,1/24/2024,Chemical Analysis,Minor,Low,Product Recall
141.0,Cheese,BrandE,Beverages,Chalk,3/8/2024,Spectroscopy,Minor,High,Product Recall
142.0,Honey,BrandA,Beverages,Melamine,2/22/2024,Chemical Analysis,Moderate,High,Warning Issued
143.0,Butter,BrandA,Dairy,Coloring agents,6/6/2024,Sensory Evaluation,Minor,High,Fine Imposed
144.0,Chicken,BrandB,Meat,Melamine,6/11/2024,Spectroscopy,Moderate,Low,Investigation Launched
145.0,Juice,BrandB,Bakery,Coloring agents,3/26/2024,Chemical Analysis,Moderate,Medium,Warning Issued
146.0,Bread,BrandD,Dairy,Artificial sweeteners,5/15/2024,Spectroscopy,Severe,Low,Fine Imposed
147.0,Yogurt,BrandC,Bakery,Water,5/11/2024,Chemical Analysis,Moderate,Low,Product Recall
148.0,Juice,BrandD,Condiments,Artificial sweeteners,4/29/2024,Microbiological Analysis,Minor,High,Product Recall
149.0,Chicken,BrandE,Meat,Artificial sweeteners,2/10/2024,Sensory Evaluation,Minor,High,Fine Imposed
150.0,Milk,BrandC,Condiments,Coloring agents,4/12/2024,Chemical Analysis,Minor,Low,Product Recall
151.0,Cheese,BrandB,Beverages,Melamine,1/31/2024,Chemical Analysis,Moderate,Medium,Investigation Launched
152.0,Honey,BrandB,Dairy,Chalk,4/29/2024,Microbiological Analysis,Severe,High,Investigation Launched
153.0,Bread,BrandD,Bakery,Chalk,1/28/2024,Spectroscopy,Severe,High,Fine Imposed
154.0,Beef,BrandD,Bakery,Water,3/30/2024,Microbiological Analysis,Moderate,High,Fine Imposed
155.0,Chicken,BrandA,Bakery,Artificial sweeteners,6/16/2024,Spectroscopy,Moderate,High,Fine Imposed
156.0,Chicken,BrandB,Dairy,Chalk,5/28/2024,Chemical Analysis,Minor,Medium,Product Recall
157.0,Chicken,BrandD,Bakery,Artificial sweeteners,6/26/2024,Chemical Analysis,Moderate,Low,Warning Issued
158.0,Bread,BrandC,Beverages,Artificial sweeteners,5/9/2024,Microbiological Analysis,Severe,Low,Investigation Launched
159.0,Butter,BrandC,Meat,Chalk,3/15/2024,Microbiological Analysis,Moderate,Low,Product Recall
160.0,Honey,BrandD,Bakery,Melamine,5/9/2024,Spectroscopy,Moderate,Low,Investigation Launched
161.0,Milk,BrandD,Meat,Melamine,3/22/2024,Sensory Evaluation,Moderate,High,Product Recall
162.0,Wine,BrandD,Bakery,Coloring agents,6/29/2024,Chemical Analysis,Severe,Low,Product Recall
163.0,Bread,BrandE,Dairy,Melamine,3/10/2024,Microbiological Analysis,Minor,High,Fine Imposed
164.0,Honey,BrandD,Bakery,Chalk,1/27/2024,Sensory Evaluation,Severe,Low,Warning Issued
165.0,Juice,BrandD,Meat,Coloring agents,5/20/2024,Spectroscopy,Minor,High,Fine Imposed
166.0,Juice,BrandC,Meat,Artificial sweeteners,1/14/2024,Chemical Analysis,Moderate,Low,Warning Issued
167.0,Butter,BrandD,Beverages,Water,2/16/2024,Spectroscopy,Severe,Medium,Investigation Launched
168.0,Bread,BrandA,Beverages,Coloring agents,4/24/2024,Spectroscopy,Moderate,Medium,Investigation Launched
169.0,Wine,BrandE,Meat,Melamine,3/26/2024,Microbiological Analysis,Minor,Medium,Warning Issued
170.0,Yogurt,BrandA,Meat,Water,6/14/2024,Sensory Evaluation,Severe,Low,Product Recall
171.0,Milk,BrandB,Meat,Chalk,4/16/2024,Sensory Evaluation,Minor,Medium,Investigation Launched
172.0,Beef,BrandC,Meat,Coloring agents,2/5/2024,Chemical Analysis,Moderate,High,Investigation Launched
173.0,Bread,BrandD,Bakery,Water,2/1/2024,Spectroscopy,Severe,Low,Warning Issued
174.0,Chicken,BrandD,Bakery,Melamine,6/21/2024,Spectroscopy,Minor,High,Warning Issued
175.0,Bread,BrandE,Bakery,Melamine,1/29/2024,Sensory Evaluation,Severe,High,Warning Issued
176.0,Chicken,BrandA,Beverages,Coloring agents,1/20/2024,Chemical Analysis,Severe,Low,Warning Issued
177.0,Bread,BrandA,Condiments,Chalk,3/28/2024,Sensory Evaluation,Moderate,Low,Investigation Launched
178.0,Cheese,BrandD,Dairy,Chalk,3/26/2024,Chemical Analysis,Minor,Low,Fine Imposed
179.0,Yogurt,BrandE,Dairy,Water,3/26/2024,Sensory Evaluation,Moderate,Low,Product Recall
180.0,Juice,BrandA,Bakery,Artificial sweeteners,2/16/2024,Sensory Evaluation,Moderate,Low,Investigation Launched
181.0,Wine,BrandB,Condiments,Artificial sweeteners,2/12/2024,Chemical Analysis,Severe,Medium,Fine Imposed
182.0,Juice,BrandE,Bakery,Water,5/28/2024,Microbiological Analysis,Minor,Low,Fine Imposed
183.0,Honey,BrandE,Beverages,Water,3/4/2024,Microbiological Analysis,Severe,Medium,Product Recall
184.0,Beef,BrandA,Beverages,Chalk,6/13/2024,Spectroscopy,Moderate,Low,Product Recall
185.0,Beef,BrandC,Meat,Chalk,3/20/2024,Chemical Analysis,Minor,High,Fine Imposed
186.0,Milk,BrandA,Dairy,Chalk,2/10/2024,Microbiological Analysis,Minor,High,Investigation Launched
187.0,Chicken,BrandB,Dairy,Chalk,5/15/2024,Spectroscopy,Minor,Medium,Product Recall
188.0,Cheese,BrandA,Condiments,Melamine,6/13/2024,Chemical Analysis,Moderate,Low,Investigation Launched
189.0,Butter,BrandA,Condiments,Water,5/5/2024,Spectroscopy,Moderate,Low,Warning Issued
190.0,Juice,BrandD,Bakery,Chalk,2/27/2024,Spectroscopy,Severe,Low,Warning Issued
191.0,Bread,BrandE,Condiments,Artificial sweeteners,1/18/2024,Spectroscopy,Moderate,Medium,Investigation Launched
192.0,Milk,BrandC,Meat,Water,6/10/2024,Spectroscopy,Moderate,Medium,Warning Issued
193.0,Juice,BrandA,Meat,Artificial sweeteners,4/8/2024,Microbiological Analysis,Moderate,Medium,Fine Imposed
194.0,Bread,BrandC,Dairy,Water,5/13/2024,Sensory Evaluation,Severe,Medium,Investigation Launched
195.0,Juice,BrandC,Dairy,Coloring agents,3/25/2024,Sensory Evaluation,Minor,Medium,Fine Imposed
196.0,Honey,BrandE,Bakery,Chalk,4/9/2024,Chemical Analysis,Minor,Medium,Warning Issued
197.0,Cheese,BrandC,Beverages,Coloring agents,4/29/2024,Sensory Evaluation,Moderate,Medium,Product Recall
198.0,Wine,BrandC,Beverages,Water,6/13/2024,Chemical Analysis,Severe,High,Warning Issued
199.0,Juice,BrandD,Beverages,Chalk,2/2/2024,Sensory Evaluation,Minor,High,Product Recall
200.0,Juice,BrandB,Bakery,Artificial sweeteners,6/19/2024,Spectroscopy,Minor,High,Investigation Launched
201.0,Chicken,BrandB,Condiments,Water,4/10/2024,Chemical Analysis,Minor,Medium,Fine Imposed
202.0,Beef,BrandA,Dairy,Coloring agents,4/1/2024,Chemical Analysis,Minor,High,Product Recall
203.0,Juice,BrandC,Meat,Water,6/15/2024,Chemical Analysis,Minor,Medium,Warning Issued
204.0,Chicken,BrandB,Bakery,Coloring agents,4/4/2024,Chemical Analysis,Minor,Medium,Fine Imposed
205.0,Chicken,BrandB,Beverages,Water,6/5/2024,Microbiological Analysis,Moderate,Low,Fine Imposed
206.0,Beef,BrandA,Beverages,Coloring agents,4/21/2024,Spectroscopy,Minor,Low,Fine Imposed
207.0,Butter,BrandC,Dairy,Artificial sweeteners,6/9/2024,Chemical Analysis,Moderate,Medium,Fine Imposed
208.0,Honey,BrandA,Condiments,Chalk,6/25/2024,Chemical Analysis,Moderate,Low,Fine Imposed
209.0,Juice,BrandA,Beverages,Melamine,2/21/2024,Chemical Analysis,Minor,High,Fine Imposed
210.0,Juice,BrandC,Condiments,Artificial sweeteners,3/24/2024,Spectroscopy,Severe,Medium,Fine Imposed
211.0,Honey,BrandB,Beverages,Chalk,6/8/2024,Sensory Evaluation,Minor,High,Investigation Launched
212.0,Yogurt,BrandA,Dairy,Chalk,5/13/2024,Sensory Evaluation,Severe,High,Product Recall
213.0,Juice,BrandB,Condiments,Coloring agents,4/4/2024,Chemical Analysis,Minor,High,Investigation Launched
214.0,Juice,BrandC,Meat,Chalk,6/28/2024,Chemical Analysis,Moderate,High,Investigation Launched
215.0,Milk,BrandE,Bakery,Chalk,6/2/2024,Sensory Evaluation,Moderate,High,Fine Imposed
216.0,Chicken,BrandD,Dairy,Melamine,6/5/2024,Chemical Analysis,Severe,High,Investigation Launched
217.0,Yogurt,BrandA,Dairy,Chalk,2/21/2024,Sensory Evaluation,Severe,Low,Fine Imposed
218.0,Yogurt,BrandE,Dairy,Artificial sweeteners,3/15/2024,Chemical Analysis,Severe,Medium,Product Recall
219.0,Chicken,BrandB,Beverages,Coloring agents,4/15/2024,Spectroscopy,Severe,High,Fine Imposed
220.0,Juice,BrandD,Meat,Artificial sweeteners,5/3/2024,Spectroscopy,Minor,Low,Product Recall
221.0,Honey,BrandD,Dairy,Water,2/26/2024,Chemical Analysis,Severe,Medium,Investigation Launched
222.0,Chicken,BrandC,Meat,Artificial sweeteners,4/8/2024,Chemical Analysis,Minor,Low,Fine Imposed
223.0,Butter,BrandC,Dairy,Coloring agents,5/30/2024,Microbiological Analysis,Moderate,Medium,Product Recall
224.0,Milk,BrandD,Meat,Water,6/18/2024,Sensory Evaluation,Minor,Low,Fine Imposed
225.0,Beef,BrandC,Meat,Coloring agents,2/4/2024,Spectroscopy,Moderate,High,Fine Imposed
226.0,Milk,BrandB,Meat,Water,5/30/2024,Sensory Evaluation,Minor,High,Product Recall
227.0,Butter,BrandB,Bakery,Water,5/22/2024,Spectroscopy,Moderate,Medium,Fine Imposed
228.0,Bread,BrandD,Beverages,Coloring agents,5/8/2024,Microbiological Analysis,Minor,High,Investigation Launched
229.0,Beef,BrandE,Dairy,Coloring agents,4/27/2024,Chemical Analysis,Moderate,Medium,Warning Issued
230.0,Juice,BrandA,Meat,Chalk,1/6/2024,Microbiological Analysis,Minor,Medium,Investigation Launched
231.0,Juice,BrandD,Dairy,Water,4/13/2024,Microbiological Analysis,Moderate,High,Fine Imposed
232.0,Juice,BrandB,Beverages,Coloring agents,5/14/2024,Spectroscopy,Minor,Low,Investigation Launched
233.0,Juice,BrandE,Bakery,Melamine,1/18/2024,Chemical Analysis,Minor,Low,Product Recall
234.0,Yogurt,BrandE,Bakery,Artificial sweeteners,2/10/2024,Sensory Evaluation,Severe,Low,Fine Imposed
235.0,Wine,BrandD,Condiments,Coloring agents,3/7/2024,Chemical Analysis,Minor,Low,Investigation Launched
236.0,Wine,BrandA,Condiments,Artificial sweeteners,1/15/2024,Sensory Evaluation,Severe,High,Fine Imposed
237.0,Cheese,BrandA,Meat,Coloring agents,5/4/2024,Chemical Analysis,Severe,Low,Investigation Launched
238.0,Cheese,BrandE,Beverages,Melamine,5/10/2024,Microbiological Analysis,Severe,High,Fine Imposed
239.0,Chicken,BrandC,Meat,Coloring agents,6/10/2024,Spectroscopy,Minor,Medium,Fine Imposed
240.0,Milk,BrandD,Condiments,Melamine,2/17/2024,Sensory Evaluation,Moderate,Medium,Fine Imposed
241.0,Butter,BrandE,Beverages,Artificial sweeteners,3/23/2024,Microbiological Analysis,Severe,High,Fine Imposed
242.0,Juice,BrandC,Beverages,Coloring agents,6/6/2024,Microbiological Analysis,Minor,High,Warning Issued
243.0,Chicken,BrandD,Meat,Coloring agents,6/15/2024,Microbiological Analysis,Severe,High,Investigation Launched
244.0,Honey,BrandD,Beverages,Artificial sweeteners,5/4/2024,Microbiological Analysis,Severe,Low,Warning Issued
245.0,Juice,BrandC,Bakery,Artificial sweeteners,2/29/2024,Microbiological Analysis,Moderate,Low,Investigation Launched
246.0,Cheese,BrandA,Meat,Melamine,5/26/2024,Chemical Analysis,Minor,Low,Product Recall
247.0,Juice,BrandB,Condiments,Coloring agents,6/6/2024,Chemical Analysis,Moderate,Low,Warning Issued
248.0,Yogurt,BrandC,Meat,Melamine,5/3/2024,Spectroscopy,Minor,High,Warning Issued
249.0,Cheese,BrandB,Beverages,Coloring agents,1/24/2024,Microbiological Analysis,Minor,Low,Fine Imposed
250.0,Yogurt,BrandA,Condiments,Water,4/26/2024,Spectroscopy,Severe,High,Fine Imposed
251.0,Juice,BrandE,Dairy,Coloring agents,1/13/2024,Sensory Evaluation,Severe,Medium,Fine Imposed
252.0,Cheese,BrandB,Condiments,Coloring agents,4/30/2024,Chemical Analysis,Minor,Low,Fine Imposed
253.0,Milk,BrandD,Condiments,Melamine,6/14/2024,Chemical Analysis,Moderate,High,Investigation Launched
254.0,Milk,BrandE,Meat,Chalk,1/20/2024,Microbiological Analysis,Moderate,High,Fine Imposed
255.0,Bread,BrandE,Beverages,Melamine,5/23/2024,Spectroscopy,Moderate,Medium,Investigation Launched
256.0,Honey,BrandD,Beverages,Artificial sweeteners,1/10/2024,Chemical Analysis,Severe,High,Product Recall
257.0,Cheese,BrandA,Meat,Coloring agents,2/25/2024,Microbiological Analysis,Moderate,High,Warning Issued
258.0,Chicken,BrandD,Meat,Artificial sweeteners,4/20/2024,Microbiological Analysis,Severe,High,Investigation Launched
259.0,Chicken,BrandB,Beverages,Artificial sweeteners,2/15/2024,Sensory Evaluation,Moderate,Medium,Warning Issued
260.0,Cheese,BrandB,Dairy,Artificial sweeteners,2/7/2024,Chemical Analysis,Moderate,Medium,Warning Issued
261.0,Milk,BrandB,Beverages,Artificial sweeteners,4/23/2024,Sensory Evaluation,Moderate,High,Fine Imposed
262.0,Milk,BrandB,Bakery,Water,2/13/2024,Microbiological Analysis,Severe,Low,Product Recall
263.0,Bread,BrandB,Condiments,Coloring agents,4/26/2024,Sensory Evaluation,Moderate,Low,Fine Imposed
264.0,Bread,BrandB,Condiments,Coloring agents,3/17/2024,Microbiological Analysis,Moderate,High,Product Recall
265.0,Honey,BrandC,Beverages,Coloring agents,6/28/2024,Sensory Evaluation,Severe,High,Investigation Launched
266.0,Honey,BrandA,Meat,Melamine,4/28/2024,Spectroscopy,Moderate,High,Product Recall
267.0,Chicken,BrandE,Meat,Melamine,5/23/2024,Chemical Analysis,Minor,High,Warning Issued
268.0,Honey,BrandE,Dairy,Artificial sweeteners,4/29/2024,Microbiological Analysis,Severe,Medium,Investigation Launched
269.0,Juice,BrandC,Meat,Artificial sweeteners,1/21/2024,Microbiological Analysis,Severe,High,Warning Issued
270.0,Bread,BrandE,Dairy,Water,1/16/2024,Sensory Evaluation,Moderate,Low,Investigation Launched
271.0,Chicken,BrandE,Meat,Chalk,5/20/2024,Spectroscopy,Severe,Low,Fine Imposed
272.0,Chicken,BrandD,Bakery,Coloring agents,6/25/2024,Spectroscopy,Severe,Medium,Warning Issued
273.0,Wine,BrandB,Bakery,Water,1/1/2024,Microbiological Analysis,Severe,Medium,Product Recall
274.0,Yogurt,BrandE,Dairy,Chalk,6/17/2024,Sensory Evaluation,Moderate,Low,Warning Issued
275.0,Juice,BrandC,Bakery,Coloring agents,6/14/2024,Sensory Evaluation,Minor,Low,Product Recall
276.0,Cheese,BrandD,Bakery,Melamine,5/8/2024,Chemical Analysis,Moderate,High,Fine Imposed
277.0,Honey,BrandD,Condiments,Chalk,4/19/2024,Spectroscopy,Minor,High,Product Recall
278.0,Honey,BrandE,Condiments,Coloring agents,2/22/2024,Microbiological Analysis,Minor,High,Fine Imposed
279.0,Chicken,BrandB,Beverages,Water,3/2/2024,Spectroscopy,Minor,Low,Investigation Launched
280.0,Butter,BrandB,Bakery,Coloring agents,1/22/2024,Chemical Analysis,Severe,High,Fine Imposed
281.0,Beef,BrandE,Dairy,Artificial sweeteners,4/19/2024,Spectroscopy,Minor,High,Product Recall
282.0,Cheese,BrandE,Dairy,Water,4/2/2024,Sensory Evaluation,Severe,High,Product Recall
283.0,Yogurt,BrandE,Bakery,Water,1/15/2024,Microbiological Analysis,Moderate,Low,Product Recall
284.0,Butter,BrandC,Condiments,Chalk,5/30/2024,Chemical Analysis,Minor,Medium,Warning Issued
285.0,Cheese,BrandD,Bakery,Melamine,5/5/2024,Chemical Analysis,Severe,Low,Investigation Launched
286.0,Chicken,BrandE,Condiments,Artificial sweeteners,3/10/2024,Microbiological Analysis,Minor,Low,Warning Issued
287.0,Milk,BrandD,Dairy,Artificial sweeteners,1/17/2024,Spectroscopy,Severe,High,Investigation Launched
288.0,Honey,BrandD,Beverages,Chalk,5/8/2024,Microbiological Analysis,Moderate,Medium,Investigation Launched
289.0,Milk,BrandC,Dairy,Water,5/31/2024,Microbiological Analysis,Moderate,Low,Investigation Launched
290.0,Bread,BrandE,Condiments,Coloring agents,1/12/2024,Microbiological Analysis,Moderate,Medium,Product Recall
291.0,Yogurt,BrandE,Meat,Coloring agents,3/1/2024,Spectroscopy,Moderate,Low,Fine Imposed
292.0,Beef,BrandD,Dairy,Coloring agents,2/12/2024,Sensory Evaluation,Severe,High,Investigation Launched
293.0,Honey,BrandE,Beverages,Water,3/29/2024,Chemical Analysis,Severe,High,Fine Imposed
294.0,Yogurt,BrandD,Meat,Chalk,6/14/2024,Spectroscopy,Severe,Medium,Warning Issued
295.0,Beef,BrandC,Meat,Artificial sweeteners,2/10/2024,Microbiological Analysis,Minor,High,Product Recall
296.0,Cheese,BrandD,Dairy,Coloring agents,1/23/2024,Microbiological Analysis,Moderate,Low,Warning Issued
297.0,Yogurt,BrandA,Dairy,Melamine,4/20/2024,Spectroscopy,Minor,High,Product Recall
298.0,Beef,BrandE,Bakery,Melamine,2/17/2024,Chemical Analysis,Severe,High,Investigation Launched
299.0,Yogurt,BrandE,Bakery,Melamine,5/22/2024,Microbiological Analysis,Minor,Medium,Product Recall
300.0,Chicken,BrandD,Dairy,Coloring agents,6/19/2024,Spectroscopy,Moderate,High,Warning Issued
301.0,Milk,BrandB,Beverages,Artificial sweeteners,1/25/2024,Sensory Evaluation,Severe,Low,Product Recall
302.0,Honey,BrandB,Bakery,Artificial sweeteners,4/6/2024,Microbiological Analysis,Minor,Medium,Investigation Launched
303.0,Milk,BrandB,Dairy,Melamine,4/12/2024,Spectroscopy,Severe,Medium,Investigation Launched
304.0,Juice,BrandC,Beverages,Artificial sweeteners,2/13/2024,Microbiological Analysis,Moderate,Medium,Fine Imposed
305.0,Bread,BrandE,Dairy,Chalk,6/15/2024,Chemical Analysis,Minor,Low,Fine Imposed
306.0,Cheese,BrandD,Meat,Chalk,2/1/2024,Spectroscopy,Moderate,High,Fine Imposed
307.0,Chicken,BrandB,Condiments,Water,2/7/2024,Spectroscopy,Minor,Medium,Warning Issued
308.0,Chicken,BrandA,Condiments,Chalk,5/12/2024,Chemical Analysis,Severe,Medium,Product Recall
309.0,Butter,BrandA,Condiments,Chalk,2/10/2024,Sensory Evaluation,Minor,High,Investigation Launched
310.0,Wine,BrandC,Meat,Coloring agents,6/20/2024,Chemical Analysis,Moderate,Medium,Warning Issued
311.0,Milk,BrandB,Condiments,Melamine,2/11/2024,Chemical Analysis,Severe,High,Warning Issued
312.0,Bread,BrandD,Dairy,Chalk,4/20/2024,Sensory Evaluation,Moderate,Medium,Investigation Launched
313.0,Honey,BrandA,Bakery,Chalk,2/26/2024,Sensory Evaluation,Severe,Medium,Warning Issued
314.0,Yogurt,BrandD,Meat,Melamine,3/30/2024,Spectroscopy,Minor,Medium,Warning Issued
315.0,Butter,BrandC,Beverages,Chalk,5/14/2024,Chemical Analysis,Minor,Medium,Fine Imposed
316.0,Beef,BrandC,Dairy,Chalk,5/16/2024,Sensory Evaluation,Severe,High,Warning Issued
317.0,Bread,BrandA,Beverages,Artificial sweeteners,1/20/2024,Microbiological Analysis,Severe,Medium,Investigation Launched
318.0,Milk,BrandC,Bakery,Chalk,5/18/2024,Spectroscopy,Moderate,High,Warning Issued
319.0,Honey,BrandA,Dairy,Water,3/3/2024,Microbiological Analysis,Moderate,Low,Warning Issued
320.0,Milk,BrandA,Beverages,Chalk,5/25/2024,Sensory Evaluation,Minor,High,Investigation Launched
321.0,Juice,BrandC,Beverages,Artificial sweeteners,3/31/2024,Spectroscopy,Minor,Low,Warning Issued
322.0,Honey,BrandD,Dairy,Water,4/10/2024,Sensory Evaluation,Minor,Low,Product Recall
323.0,Juice,BrandB,Meat,Melamine,6/29/2024,Spectroscopy,Minor,High,Warning Issued
324.0,Yogurt,BrandC,Dairy,Artificial sweeteners,4/27/2024,Sensory Evaluation,Severe,Low,Fine Imposed
325.0,Milk,BrandA,Beverages,Chalk,1/22/2024,Microbiological Analysis,Minor,Low,Warning Issued
326.0,Beef,BrandE,Bakery,Water,5/13/2024,Spectroscopy,Moderate,Low,Fine Imposed
327.0,Cheese,BrandC,Meat,Water,3/31/2024,Microbiological Analysis,Minor,High,Product Recall
328.0,Yogurt,BrandE,Beverages,Chalk,1/2/2024,Spectroscopy,Moderate,Low,Warning Issued
329.0,Juice,BrandA,Beverages,Melamine,5/13/2024,Spectroscopy,Moderate,Low,Investigation Launched
330.0,Wine,BrandE,Beverages,Water,4/19/2024,Sensory Evaluation,Severe,High,Investigation Launched
331.0,Beef,BrandB,Dairy,Melamine,1/2/2024,Chemical Analysis,Severe,Low,Investigation Launched
332.0,Butter,BrandB,Dairy,Melamine,6/18/2024,Microbiological Analysis,Severe,High,Investigation Launched
333.0,Bread,BrandA,Meat,Melamine,5/26/2024,Chemical Analysis,Severe,Low,Fine Imposed
334.0,Beef,BrandD,Dairy,Coloring agents,2/26/2024,Sensory Evaluation,Severe,Low,Fine Imposed
335.0,Honey,BrandB,Meat,Chalk,3/19/2024,Spectroscopy,Severe,High,Investigation Launched
336.0,Chicken,BrandC,Condiments,Coloring agents,6/20/2024,Sensory Evaluation,Minor,Medium,Warning Issued
337.0,Butter,BrandC,Bakery,Coloring agents,4/10/2024,Chemical Analysis,Severe,High,Product Recall
338.0,Honey,BrandD,Dairy,Coloring agents,5/11/2024,Spectroscopy,Severe,High,Warning Issued
339.0,Chicken,BrandC,Meat,Chalk,2/23/2024,Sensory Evaluation,Severe,High,Fine Imposed
340.0,Milk,BrandC,Meat,Melamine,1/17/2024,Sensory Evaluation,Minor,Medium,Investigation Launched
341.0,Honey,BrandD,Bakery,Artificial sweeteners,3/31/2024,Microbiological Analysis,Severe,Low,Fine Imposed
342.0,Beef,BrandA,Condiments,Melamine,2/29/2024,Spectroscopy,Minor,Medium,Warning Issued
343.0,Cheese,BrandC,Condiments,Water,4/28/2024,Chemical Analysis,Minor,Medium,Investigation Launched
344.0,Honey,BrandC,Meat,Coloring agents,6/7/2024,Chemical Analysis,Severe,Medium,Warning Issued
345.0,Chicken,BrandC,Meat,Chalk,3/17/2024,Spectroscopy,Minor,High,Fine Imposed
346.0,Juice,BrandE,Meat,Artificial sweeteners,2/26/2024,Microbiological Analysis,Minor,Medium,Warning Issued
347.0,Juice,BrandD,Condiments,Chalk,2/19/2024,Spectroscopy,Moderate,Low,Warning Issued
348.0,Juice,BrandB,Beverages,Artificial sweeteners,6/1/2024,Chemical Analysis,Severe,Medium,Product Recall
349.0,Milk,BrandD,Beverages,Coloring agents,3/5/2024,Microbiological Analysis,Moderate,Medium,Product Recall
350.0,Beef,BrandD,Beverages,Melamine,4/11/2024,Microbiological Analysis,Severe,Medium,Investigation Launched
351.0,Bread,BrandD,Condiments,Coloring agents,4/22/2024,Sensory Evaluation,Severe,High,Product Recall
352.0,Bread,BrandE,Dairy,Water,6/19/2024,Spectroscopy,Moderate,Low,Investigation Launched
353.0,Butter,BrandC,Meat,Chalk,2/21/2024,Sensory Evaluation,Moderate,Low,Investigation Launched
354.0,Yogurt,BrandB,Dairy,Water,1/28/2024,Sensory Evaluation,Moderate,High,Investigation Launched
355.0,Chicken,BrandE,Dairy,Water,5/7/2024,Sensory Evaluation,Minor,High,Warning Issued
356.0,Juice,BrandE,Dairy,Chalk,5/12/2024,Chemical Analysis,Severe,High,Fine Imposed
357.0,Milk,BrandA,Dairy,Coloring agents,5/28/2024,Chemical Analysis,Moderate,Medium,Investigation Launched
358.0,Yogurt,BrandB,Bakery,Chalk,1/18/2024,Spectroscopy,Minor,Medium,Fine Imposed
359.0,Butter,BrandD,Meat,Coloring agents,1/27/2024,Microbiological Analysis,Minor,Low,Investigation Launched
360.0,Honey,BrandE,Condiments,Chalk,6/3/2024,Chemical Analysis,Severe,High,Warning Issued
361.0,Yogurt,BrandA,Dairy,Coloring agents,5/11/2024,Microbiological Analysis,Severe,Low,Product Recall
362.0,Beef,BrandA,Meat,Melamine,6/30/2024,Microbiological Analysis,Severe,Low,Fine Imposed
363.0,Milk,BrandA,Condiments,Water,5/7/2024,Chemical Analysis,Severe,Medium,Warning Issued
364.0,Juice,BrandA,Meat,Coloring agents,1/19/2024,Sensory Evaluation,Minor,Medium,Investigation Launched
365.0,Chicken,BrandA,Bakery,Coloring agents,5/8/2024,Microbiological Analysis,Moderate,Low,Fine Imposed
366.0,Honey,BrandB,Bakery,Artificial sweeteners,6/14/2024,Sensory Evaluation,Minor,High,Warning Issued
367.0,Bread,BrandC,Beverages,Artificial sweeteners,2/3/2024,Sensory Evaluation,Severe,Medium,Investigation Launched
368.0,Beef,BrandD,Condiments,Chalk,4/12/2024,Spectroscopy,Minor,Low,Investigation Launched
369.0,Milk,BrandC,Condiments,Melamine,2/25/2024,Spectroscopy,Severe,High,Investigation Launched
370.0,Milk,BrandE,Bakery,Coloring agents,2/18/2024,Chemical Analysis,Moderate,High,Warning Issued
371.0,Wine,BrandD,Beverages,Water,2/6/2024,Spectroscopy,Severe,Medium,Product Recall
372.0,Bread,BrandC,Bakery,Melamine,6/21/2024,Spectroscopy,Minor,Medium,Product Recall
373.0,Chicken,BrandA,Meat,Coloring agents,3/15/2024,Microbiological Analysis,Severe,Low,Fine Imposed
374.0,Milk,BrandB,Bakery,Coloring agents,3/18/2024,Sensory Evaluation,Severe,Low,Fine Imposed
375.0,Milk,BrandD,Dairy,Water,2/16/2024,Chemical Analysis,Severe,Low,Fine Imposed
376.0,Cheese,BrandC,Beverages,Coloring agents,2/19/2024,Sensory Evaluation,Minor,High,Warning Issued
377.0,Honey,BrandA,Beverages,Melamine,1/11/2024,Chemical Analysis,Minor,Low,Product Recall
378.0,Chicken,BrandA,Condiments,Chalk,3/1/2024,Sensory Evaluation,Severe,Low,Warning Issued
379.0,Cheese,BrandB,Dairy,Artificial sweeteners,5/29/2024,Chemical Analysis,Severe,Medium,Product Recall
380.0,Juice,BrandE,Bakery,Coloring agents,5/19/2024,Spectroscopy,Severe,High,Product Recall
381.0,Yogurt,BrandC,Dairy,Water,5/21/2024,Sensory Evaluation,Severe,Low,Product Recall
382.0,Chicken,BrandA,Meat,Coloring agents,1/8/2024,Chemical Analysis,Minor,Low,Investigation Launched
383.0,Wine,BrandB,Meat,Water,6/21/2024,Sensory Evaluation,Severe,Low,Investigation Launched
384.0,Wine,BrandC,Condiments,Melamine,2/20/2024,Chemical Analysis,Minor,Low,Fine Imposed
385.0,Beef,BrandC,Meat,Coloring agents,4/13/2024,Sensory Evaluation,Moderate,Low,Fine Imposed
386.0,Yogurt,BrandE,Dairy,Coloring agents,1/31/2024,Sensory Evaluation,Severe,Low,Warning Issued
387.0,Milk,BrandE,Dairy,Coloring agents,1/20/2024,Sensory Evaluation,Minor,Medium,Warning Issued
388.0,Wine,BrandC,Beverages,Coloring agents,6/7/2024,Spectroscopy,Minor,Low,Investigation Launched
389.0,Beef,BrandE,Bakery,Chalk,6/18/2024,Chemical Analysis,Minor,Medium,Investigation Launched
390.0,Bread,BrandA,Dairy,Water,5/20/2024,Spectroscopy,Severe,Low,Warning Issued
391.0,Honey,BrandB,Dairy,Melamine,6/19/2024,Sensory Evaluation,Severe,Low,Fine Imposed
392.0,Bread,BrandA,Condiments,Water,1/28/2024,Chemical Analysis,Minor,Low,Warning Issued
393.0,Juice,BrandD,Dairy,Water,5/23/2024,Chemical Analysis,Minor,Medium,Investigation Launched
394.0,Juice,BrandE,Beverages,Artificial sweeteners,5/25/2024,Spectroscopy,Moderate,Low,Investigation Launched
395.0,Juice,BrandE,Condiments,Coloring agents,4/23/2024,Spectroscopy,Minor,Medium,Warning Issued
396.0,Butter,BrandB,Dairy,Melamine,6/6/2024,Chemical Analysis,Minor,High,Warning Issued
397.0,Bread,BrandE,Dairy,Artificial sweeteners,2/17/2024,Chemical Analysis,Moderate,Medium,Warning Issued
398.0,Yogurt,BrandB,Beverages,Coloring agents,6/28/2024,Sensory Evaluation,Minor,Low,Fine Imposed
399.0,Bread,BrandC,Dairy,Water,3/21/2024,Chemical Analysis,Moderate,Medium,Investigation Launched
400.0,Wine,BrandE,Dairy,Melamine,3/18/2024,Spectroscopy,Minor,Low,Product Recall
401.0,Chicken,BrandA,Dairy,Chalk,5/2/2024,Chemical Analysis,Minor,Medium,Investigation Launched
402.0,Honey,BrandB,Dairy,Coloring agents,3/11/2024,Microbiological Analysis,Moderate,Medium,Product Recall
403.0,Juice,BrandD,Bakery,Water,5/16/2024,Sensory Evaluation,Severe,Low,Investigation Launched
404.0,Honey,BrandC,Meat,Chalk,1/30/2024,Chemical Analysis,Minor,Low,Investigation Launched
405.0,Chicken,BrandB,Condiments,Artificial sweeteners,2/2/2024,Microbiological Analysis,Minor,High,Fine Imposed
406.0,Butter,BrandB,Bakery,Chalk,5/6/2024,Microbiological Analysis,Minor,Medium,Warning Issued
407.0,Wine,BrandC,Meat,Artificial sweeteners,3/9/2024,Sensory Evaluation,Minor,Medium,Fine Imposed
408.0,Beef,BrandA,Condiments,Artificial sweeteners,3/31/2024,Sensory Evaluation,Minor,Medium,Fine Imposed
409.0,Honey,BrandD,Beverages,Chalk,5/19/2024,Spectroscopy,Severe,Low,Fine Imposed
410.0,Butter,BrandA,Beverages,Chalk,1/10/2024,Chemical Analysis,Severe,High,Product Recall
411.0,Yogurt,BrandA,Dairy,Chalk,2/24/2024,Spectroscopy,Moderate,High,Product Recall
412.0,Honey,BrandA,Beverages,Chalk,4/6/2024,Chemical Analysis,Minor,Low,Warning Issued
413.0,Wine,BrandE,Dairy,Chalk,3/9/2024,Microbiological Analysis,Minor,Medium,Warning Issued
414.0,Beef,BrandD,Condiments,Chalk,5/23/2024,Spectroscopy,Minor,Low,Investigation Launched
415.0,Butter,BrandB,Dairy,Chalk,2/18/2024,Chemical Analysis,Minor,Low,Warning Issued
416.0,Milk,BrandB,Meat,Chalk,2/10/2024,Microbiological Analysis,Minor,High,Product Recall
417.0,Yogurt,BrandA,Beverages,Chalk,2/14/2024,Sensory Evaluation,Moderate,Low,Investigation Launched
418.0,Juice,BrandC,Beverages,Coloring agents,2/18/2024,Spectroscopy,Minor,Low,Warning Issued
419.0,Cheese,BrandD,Condiments,Chalk,5/30/2024,Chemical Analysis,Moderate,Low,Product Recall
420.0,Juice,BrandA,Dairy,Melamine,3/7/2024,Chemical Analysis,Minor,High,Warning Issued
421.0,Juice,BrandA,Dairy,Melamine,2/15/2024,Microbiological Analysis,Minor,Low,Investigation Launched
422.0,Beef,BrandB,Meat,Artificial sweeteners,3/2/2024,Chemical Analysis,Moderate,Low,Investigation Launched
423.0,Cheese,BrandB,Dairy,Water,4/14/2024,Spectroscopy,Severe,Medium,Warning Issued
424.0,Bread,BrandC,Dairy,Water,5/11/2024,Spectroscopy,Moderate,Low,Investigation Launched
425.0,Cheese,BrandE,Bakery,Melamine,5/9/2024,Microbiological Analysis,Severe,High,Investigation Launched
426.0,Chicken,BrandE,Meat,Artificial sweeteners,4/10/2024,Spectroscopy,Minor,Low,Fine Imposed
427.0,Butter,BrandC,Dairy,Melamine,4/4/2024,Chemical Analysis,Moderate,Low,Product Recall
428.0,Beef,BrandA,Dairy,Artificial sweeteners,4/30/2024,Spectroscopy,Minor,Low,Product Recall
429.0,Chicken,BrandD,Meat,Coloring agents,3/31/2024,Sensory Evaluation,Severe,High,Fine Imposed
430.0,Juice,BrandD,Beverages,Chalk,3/16/2024,Chemical Analysis,Severe,Low,Product Recall
431.0,Chicken,BrandD,Dairy,Water,4/6/2024,Spectroscopy,Severe,Medium,Investigation Launched
432.0,Yogurt,BrandB,Dairy,Water,3/24/2024,Microbiological Analysis,Severe,Low,Investigation Launched
433.0,Butter,BrandD,Bakery,Chalk,5/19/2024,Sensory Evaluation,Moderate,Low,Fine Imposed
434.0,Cheese,BrandD,Beverages,Artificial sweeteners,2/29/2024,Sensory Evaluation,Moderate,High,Product Recall
435.0,Yogurt,BrandE,Condiments,Coloring agents,4/11/2024,Sensory Evaluation,Moderate,High,Fine Imposed
436.0,Chicken,BrandD,Condiments,Melamine,5/17/2024,Chemical Analysis,Minor,Low,Fine Imposed
437.0,Wine,BrandC,Beverages,Artificial sweeteners,5/4/2024,Spectroscopy,Moderate,Medium,Investigation Launched
438.0,Yogurt,BrandE,Meat,Coloring agents,4/16/2024,Chemical Analysis,Minor,Low,Investigation Launched
439.0,Milk,BrandB,Dairy,Chalk,5/30/2024,Chemical Analysis,Moderate,Low,Product Recall
440.0,Bread,BrandE,Condiments,Melamine,5/6/2024,Spectroscopy,Minor,Medium,Fine Imposed
441.0,Milk,BrandA,Meat,Water,6/12/2024,Chemical Analysis,Moderate,Low,Warning Issued
442.0,Wine,BrandB,Meat,Coloring agents,3/7/2024,Sensory Evaluation,Severe,Low,Product Recall
443.0,Butter,BrandA,Condiments,Chalk,4/17/2024,Sensory Evaluation,Severe,Low,Fine Imposed
444.0,Yogurt,BrandA,Beverages,Chalk,3/7/2024,Chemical Analysis,Severe,High,Fine Imposed
445.0,Wine,BrandB,Condiments,Artificial sweeteners,4/15/2024,Chemical Analysis,Moderate,Low,Warning Issued
446.0,Wine,BrandA,Beverages,Water,2/3/2024,Microbiological Analysis,Minor,Medium,Investigation Launched
447.0,Yogurt,BrandA,Beverages,Artificial sweeteners,5/31/2024,Chemical Analysis,Minor,High,Product Recall
448.0,Milk,BrandA,Condiments,Coloring agents,4/24/2024,Chemical Analysis,Moderate,Medium,Fine Imposed
449.0,Chicken,BrandD,Dairy,Melamine,2/22/2024,Microbiological Analysis,Moderate,Low,Investigation Launched
450.0,Yogurt,BrandE,Dairy,Artificial sweeteners,4/2/2024,Microbiological Analysis,Moderate,Low,Fine Imposed
451.0,Honey,BrandD,Meat,Chalk,5/12/2024,Sensory Evaluation,Minor,Medium,Investigation Launched
452.0,Beef,BrandD,Meat,Artificial sweeteners,5/23/2024,Microbiological Analysis,Moderate,Low,Investigation Launched
453.0,Wine,BrandE,Bakery,Chalk,1/20/2024,Chemical Analysis,Minor,Low,Investigation Launched
454.0,Yogurt,BrandE,Dairy,Water,4/14/2024,Spectroscopy,Minor,Low,Fine Imposed
455.0,Cheese,BrandC,Dairy,Melamine,2/26/2024,Spectroscopy,Moderate,Low,Fine Imposed
456.0,Milk,BrandE,Dairy,Coloring agents,2/16/2024,Sensory Evaluation,Moderate,Low,Warning Issued
457.0,Milk,BrandD,Bakery,Chalk,1/25/2024,Sensory Evaluation,Minor,Low,Fine Imposed
458.0,Honey,BrandB,Beverages,Artificial sweeteners,1/17/2024,Sensory Evaluation,Minor,Low,Warning Issued
459.0,Butter,BrandE,Beverages,Coloring agents,4/17/2024,Sensory Evaluation,Severe,Low,Investigation Launched
460.0,Cheese,BrandB,Dairy,Chalk,4/23/2024,Microbiological Analysis,Minor,Medium,Fine Imposed
461.0,Cheese,BrandE,Condiments,Coloring agents,4/25/2024,Spectroscopy,Moderate,Medium,Fine Imposed
462.0,Wine,BrandD,Bakery,Coloring agents,3/29/2024,Chemical Analysis,Severe,High,Warning Issued
463.0,Cheese,BrandE,Meat,Water,4/15/2024,Chemical Analysis,Minor,High,Investigation Launched
464.0,Butter,BrandE,Bakery,Artificial sweeteners,6/30/2024,Sensory Evaluation,Severe,High,Warning Issued
465.0,Juice,BrandE,Bakery,Coloring agents,4/14/2024,Spectroscopy,Minor,High,Warning Issued
466.0,Juice,BrandA,Condiments,Artificial sweeteners,4/16/2024,Sensory Evaluation,Moderate,Low,Fine Imposed
467.0,Juice,BrandE,Meat,Chalk,3/29/2024,Microbiological Analysis,Severe,Medium,Product Recall
468.0,Wine,BrandE,Bakery,Melamine,6/9/2024,Chemical Analysis,Severe,Medium,Investigation Launched
469.0,Butter,BrandC,Meat,Chalk,3/25/2024,Sensory Evaluation,Moderate,Low,Warning Issued
470.0,Juice,BrandC,Bakery,Chalk,1/31/2024,Sensory Evaluation,Minor,High,Warning Issued
471.0,Beef,BrandA,Dairy,Chalk,3/7/2024,Chemical Analysis,Severe,Low,Product Recall
472.0,Yogurt,BrandC,Bakery,Coloring agents,2/24/2024,Microbiological Analysis,Minor,High,Fine Imposed
473.0,Milk,BrandE,Condiments,Melamine,2/16/2024,Sensory Evaluation,Severe,Low,Warning Issued
474.0,Bread,BrandE,Meat,Coloring agents,4/19/2024,Chemical Analysis,Severe,Low,Fine Imposed
475.0,Bread,BrandE,Condiments,Artificial sweeteners,4/19/2024,Chemical Analysis,Moderate,High,Investigation Launched
476.0,Milk,BrandA,Bakery,Artificial sweeteners,6/8/2024,Microbiological Analysis,Moderate,High,Investigation Launched
477.0,Juice,BrandB,Meat,Melamine,4/16/2024,Spectroscopy,Minor,Medium,Fine Imposed
478.0,Yogurt,BrandB,Bakery,Chalk,5/27/2024,Chemical Analysis,Minor,High,Investigation Launched
479.0,Yogurt,BrandD,Bakery,Coloring agents,2/23/2024,Chemical Analysis,Moderate,Medium,Product Recall
480.0,Juice,BrandC,Bakery,Water,6/12/2024,Sensory Evaluation,Moderate,Medium,Investigation Launched
481.0,Chicken,BrandB,Condiments,Melamine,6/12/2024,Chemical Analysis,Moderate,Low,Warning Issued
482.0,Cheese,BrandC,Beverages,Coloring agents,4/11/2024,Chemical Analysis,Minor,Low,Warning Issued
483.0,Milk,BrandD,Bakery,Chalk,6/3/2024,Sensory Evaluation,Minor,Medium,Fine Imposed
484.0,Cheese,BrandD,Beverages,Chalk,4/13/2024,Sensory Evaluation,Moderate,Medium,Product Recall
485.0,Cheese,BrandD,Condiments,Water,1/11/2024,Spectroscopy,Moderate,Low,Product Recall
486.0,Milk,BrandB,Dairy,Artificial sweeteners,3/31/2024,Spectroscopy,Moderate,Medium,Warning Issued
487.0,Butter,BrandE,Beverages,Melamine,3/30/2024,Spectroscopy,Severe,High,Investigation Launched
488.0,Honey,BrandE,Bakery,Artificial sweeteners,2/18/2024,Spectroscopy,Minor,High,Fine Imposed
489.0,Yogurt,BrandC,Dairy,Artificial sweeteners,1/22/2024,Chemical Analysis,Severe,Medium,Fine Imposed
490.0,Bread,BrandA,Dairy,Artificial sweeteners,1/1/2024,Sensory Evaluation,Moderate,Low,Warning Issued
491.0,Yogurt,BrandD,Bakery,Water,3/30/2024,Spectroscopy,Severe,High,Investigation Launched
492.0,Butter,BrandD,Beverages,Water,6/18/2024,Chemical Analysis,Severe,Medium,Warning Issued
493.0,Butter,BrandA,Dairy,Water,5/15/2024,Microbiological Analysis,Minor,High,Warning Issued
494.0,Beef,BrandB,Condiments,Artificial sweeteners,2/3/2024,Microbiological Analysis,Minor,Medium,Investigation Launched
495.0,Juice,BrandC,Meat,Water,2/1/2024,Microbiological Analysis,Minor,Low,Fine Imposed
496.0,Milk,BrandB,Condiments,Chalk,3/25/2024,Microbiological Analysis,Severe,Low,Investigation Launched
497.0,Beef,BrandC,Bakery,Artificial sweeteners,1/10/2024,Microbiological Analysis,Severe,High,Warning Issued
498.0,Juice,BrandB,Meat,Artificial sweeteners,1/18/2024,Chemical Analysis,Severe,High,Investigation Launched
499.0,Juice,BrandE,Beverages,Water,2/14/2024,Spectroscopy,Severe,Low,Product Recall
500.0,Cheese,BrandC,Beverages,Water,5/4/2024,Sensory Evaluation,Moderate,High,Warning Issued
501.0,Yogurt,BrandC,Condiments,Coloring agents,1/26/2024,Spectroscopy,Moderate,High,Warning Issued
502.0,Beef,BrandA,Meat,Melamine,6/30/2024,Spectroscopy,Severe,High,Investigation Launched
503.0,Juice,BrandB,Dairy,Coloring agents,5/28/2024,Sensory Evaluation,Severe,High,Product Recall
504.0,Chicken,BrandE,Condiments,Melamine,4/28/2024,Chemical Analysis,Severe,Low,Product Recall
505.0,Chicken,BrandE,Bakery,Water,3/27/2024,Chemical Analysis,Moderate,Low,Fine Imposed
506.0,Butter,BrandD,Bakery,Chalk,2/27/2024,Spectroscopy,Moderate,Medium,Product Recall
507.0,Bread,BrandE,Meat,Melamine,1/24/2024,Spectroscopy,Minor,Medium,Warning Issued
508.0,Wine,BrandD,Beverages,Coloring agents,5/10/2024,Spectroscopy,Moderate,Low,Warning Issued
509.0,Butter,BrandC,Meat,Coloring agents,1/7/2024,Sensory Evaluation,Minor,High,Investigation Launched
510.0,Beef,BrandA,Meat,Coloring agents,2/15/2024,Spectroscopy,Minor,Low,Fine Imposed
511.0,Wine,BrandD,Condiments,Artificial sweeteners,5/5/2024,Microbiological Analysis,Moderate,High,Investigation Launched
512.0,Juice,BrandD,Bakery,Melamine,2/22/2024,Spectroscopy,Minor,High,Fine Imposed
513.0,Bread,BrandE,Condiments,Melamine,4/25/2024,Sensory Evaluation,Minor,Medium,Product Recall
514.0,Honey,BrandA,Meat,Water,3/21/2024,Chemical Analysis,Minor,Low,Warning Issued
515.0,Wine,BrandA,Meat,Water,2/5/2024,Chemical Analysis,Minor,Medium,Fine Imposed
516.0,Wine,BrandA,Bakery,Coloring agents,5/10/2024,Spectroscopy,Moderate,Low,Investigation Launched
517.0,Juice,BrandC,Meat,Coloring agents,5/1/2024,Sensory Evaluation,Severe,Low,Fine Imposed
518.0,Yogurt,BrandC,Beverages,Coloring agents,1/15/2024,Spectroscopy,Moderate,High,Fine Imposed
519.0,Bread,BrandE,Dairy,Melamine,5/24/2024,Spectroscopy,Minor,High,Investigation Launched
520.0,Chicken,BrandD,Dairy,Melamine,6/23/2024,Microbiological Analysis,Moderate,High,Investigation Launched
521.0,Milk,BrandC,Beverages,Coloring agents,5/11/2024,Spectroscopy,Severe,Low,Fine Imposed
522.0,Yogurt,BrandB,Meat,Chalk,5/26/2024,Sensory Evaluation,Minor,High,Investigation Launched
523.0,Bread,BrandB,Dairy,Coloring agents,2/19/2024,Sensory Evaluation,Minor,Medium,Product Recall
524.0,Honey,BrandC,Beverages,Melamine,1/29/2024,Microbiological Analysis,Minor,Medium,Fine Imposed
525.0,Wine,BrandD,Meat,Water,6/20/2024,Chemical Analysis,Minor,Medium,Fine Imposed
526.0,Yogurt,BrandA,Bakery,Coloring agents,3/1/2024,Spectroscopy,Severe,High,Investigation Launched
527.0,Beef,BrandE,Bakery,Chalk,6/4/2024,Spectroscopy,Moderate,Low,Fine Imposed
528.0,Wine,BrandA,Dairy,Melamine,3/16/2024,Microbiological Analysis,Minor,Low,Warning Issued
529.0,Bread,BrandC,Condiments,Chalk,1/4/2024,Sensory Evaluation,Moderate,Low,Warning Issued
530.0,Honey,BrandB,Beverages,Artificial sweeteners,4/26/2024,Chemical Analysis,Minor,Medium,Product Recall
531.0,Wine,BrandC,Dairy,Coloring agents,6/27/2024,Spectroscopy,Moderate,High,Product Recall
532.0,Wine,BrandD,Condiments,Artificial sweeteners,6/5/2024,Spectroscopy,Severe,Low,Product Recall
533.0,Chicken,BrandA,Condiments,Water,1/11/2024,Sensory Evaluation,Severe,Medium,Investigation Launched
534.0,Chicken,BrandE,Meat,Chalk,3/28/2024,Spectroscopy,Severe,Low,Investigation Launched
535.0,Chicken,BrandA,Beverages,Chalk,1/17/2024,Spectroscopy,Moderate,Low,Fine Imposed
536.0,Beef,BrandE,Dairy,Water,1/15/2024,Spectroscopy,Moderate,High,Product Recall
537.0,Juice,BrandA,Condiments,Water,2/7/2024,Sensory Evaluation,Minor,Medium,Warning Issued
538.0,Chicken,BrandD,Beverages,Melamine,1/9/2024,Microbiological Analysis,Minor,Low,Product Recall
539.0,Juice,BrandA,Meat,Artificial sweeteners,3/5/2024,Microbiological Analysis,Moderate,Medium,Fine Imposed
540.0,Wine,BrandA,Dairy,Water,3/11/2024,Sensory Evaluation,Minor,High,Investigation Launched
541.0,Beef,BrandA,Dairy,Water,5/19/2024,Sensory Evaluation,Minor,Low,Product Recall
542.0,Bread,BrandB,Bakery,Artificial sweeteners,1/14/2024,Chemical Analysis,Severe,Low,Fine Imposed
543.0,Juice,BrandE,Bakery,Artificial sweeteners,1/9/2024,Microbiological Analysis,Severe,Medium,Investigation Launched
544.0,Yogurt,BrandB,Condiments,Artificial sweeteners,4/16/2024,Microbiological Analysis,Minor,Medium,Warning Issued
545.0,Yogurt,BrandC,Meat,Artificial sweeteners,3/20/2024,Microbiological Analysis,Moderate,Medium,Product Recall
546.0,Milk,BrandD,Condiments,Chalk,2/15/2024,Microbiological Analysis,Minor,Medium,Investigation Launched
547.0,Butter,BrandC,Beverages,Melamine,2/5/2024,Chemical Analysis,Moderate,Medium,Fine Imposed
548.0,Chicken,BrandD,Beverages,Melamine,4/7/2024,Sensory Evaluation,Minor,Medium,Warning Issued
549.0,Cheese,BrandA,Bakery,Chalk,4/22/2024,Spectroscopy,Severe,Low,Fine Imposed
550.0,Juice,BrandD,Meat,Melamine,6/22/2024,Microbiological Analysis,Moderate,High,Product Recall
551.0,Wine,BrandB,Bakery,Artificial sweeteners,1/19/2024,Sensory Evaluation,Minor,High,Fine Imposed
552.0,Juice,BrandE,Condiments,Coloring agents,1/27/2024,Sensory Evaluation,Severe,Low,Product Recall
553.0,Beef,BrandB,Beverages,Melamine,3/31/2024,Microbiological Analysis,Severe,Low,Product Recall
554.0,Chicken,BrandC,Dairy,Artificial sweeteners,1/23/2024,Spectroscopy,Minor,High,Investigation Launched
555.0,Juice,BrandE,Dairy,Melamine,1/29/2024,Microbiological Analysis,Minor,High,Product Recall
556.0,Cheese,BrandE,Dairy,Melamine,1/15/2024,Chemical Analysis,Moderate,Low,Fine Imposed
557.0,Milk,BrandA,Condiments,Chalk,3/5/2024,Sensory Evaluation,Moderate,Medium,Investigation Launched
558.0,Bread,BrandC,Condiments,Water,6/19/2024,Sensory Evaluation,Minor,Medium,Product Recall
559.0,Milk,BrandA,Beverages,Coloring agents,1/23/2024,Microbiological Analysis,Severe,High,Investigation Launched
560.0,Milk,BrandA,Dairy,Melamine,4/11/2024,Spectroscopy,Severe,Medium,Fine Imposed
561.0,Wine,BrandC,Beverages,Water,4/28/2024,Microbiological Analysis,Moderate,Low,Product Recall
562.0,Wine,BrandB,Dairy,Water,5/3/2024,Microbiological Analysis,Minor,Medium,Fine Imposed
563.0,Yogurt,BrandB,Bakery,Melamine,2/5/2024,Spectroscopy,Minor,High,Fine Imposed
564.0,Beef,BrandD,Condiments,Melamine,4/10/2024,Spectroscopy,Severe,Low,Fine Imposed
565.0,Bread,BrandC,Dairy,Melamine,1/18/2024,Sensory Evaluation,Moderate,Medium,Fine Imposed
566.0,Bread,BrandD,Meat,Artificial sweeteners,3/30/2024,Chemical Analysis,Severe,Low,Warning Issued
567.0,Cheese,BrandB,Condiments,Water,3/10/2024,Microbiological Analysis,Severe,Low,Investigation Launched
568.0,Juice,BrandC,Meat,Artificial sweeteners,2/9/2024,Spectroscopy,Severe,High,Product Recall
569.0,Milk,BrandD,Meat,Artificial sweeteners,6/24/2024,Sensory Evaluation,Minor,Low,Warning Issued
570.0,Beef,BrandA,Meat,Melamine,6/9/2024,Microbiological Analysis,Severe,Medium,Fine Imposed
571.0,Milk,BrandC,Dairy,Coloring agents,6/23/2024,Microbiological Analysis,Severe,High,Product Recall
572.0,Butter,BrandE,Meat,Melamine,1/10/2024,Microbiological Analysis,Minor,Low,Product Recall
573.0,Chicken,BrandD,Meat,Water,3/11/2024,Chemical Analysis,Minor,Low,Product Recall
574.0,Cheese,BrandC,Dairy,Artificial sweeteners,5/7/2024,Sensory Evaluation,Moderate,Medium,Product Recall
575.0,Beef,BrandC,Beverages,Coloring agents,1/17/2024,Sensory Evaluation,Moderate,High,Investigation Launched
576.0,Yogurt,BrandD,Dairy,Melamine,1/23/2024,Sensory Evaluation,Severe,Medium,Warning Issued
577.0,Beef,BrandE,Bakery,Artificial sweeteners,6/6/2024,Chemical Analysis,Moderate,Low,Warning Issued
578.0,Milk,BrandD,Beverages,Water,2/15/2024,Sensory Evaluation,Moderate,Medium,Fine Imposed
579.0,Bread,BrandB,Meat,Melamine,3/6/2024,Sensory Evaluation,Minor,Low,Fine Imposed
580.0,Bread,BrandC,Bakery,Artificial sweeteners,4/5/2024,Microbiological Analysis,Severe,High,Product Recall
581.0,Bread,BrandB,Meat,Water,6/28/2024,Sensory Evaluation,Minor,Low,Fine Imposed
582.0,Beef,BrandC,Meat,Coloring agents,6/7/2024,Spectroscopy,Severe,Medium,Warning Issued
583.0,Milk,BrandD,Meat,Chalk,2/3/2024,Spectroscopy,Moderate,Medium,Product Recall
584.0,Honey,BrandB,Bakery,Chalk,1/20/2024,Spectroscopy,Minor,Low,Warning Issued
585.0,Wine,BrandA,Beverages,Artificial sweeteners,5/27/2024,Chemical Analysis,Moderate,Medium,Warning Issued
586.0,Yogurt,BrandC,Meat,Chalk,3/7/2024,Chemical Analysis,Moderate,Medium,Investigation Launched
587.0,Wine,BrandE,Dairy,Melamine,4/19/2024,Spectroscopy,Minor,Medium,Investigation Launched
588.0,Chicken,BrandB,Meat,Chalk,3/25/2024,Spectroscopy,Severe,Low,Warning Issued
589.0,Bread,BrandC,Bakery,Melamine,2/11/2024,Spectroscopy,Moderate,Low,Fine Imposed
590.0,Butter,BrandC,Condiments,Melamine,3/14/2024,Sensory Evaluation,Severe,Medium,Investigation Launched
591.0,Wine,BrandD,Beverages,Water,2/4/2024,Sensory Evaluation,Minor,High,Investigation Launched
592.0,Juice,BrandD,Dairy,Melamine,2/18/2024,Sensory Evaluation,Minor,Low,Investigation Launched
593.0,Beef,BrandD,Condiments,Water,4/30/2024,Spectroscopy,Moderate,High,Product Recall
594.0,Honey,BrandD,Beverages,Coloring agents,6/10/2024,Spectroscopy,Moderate,Low,Fine Imposed
595.0,Juice,BrandC,Dairy,Water,1/16/2024,Spectroscopy,Severe,Low,Investigation Launched
596.0,Milk,BrandC,Bakery,Chalk,2/9/2024,Sensory Evaluation,Severe,Low,Warning Issued
597.0,Wine,BrandC,Bakery,Chalk,1/27/2024,Spectroscopy,Severe,High,Investigation Launched
598.0,Milk,BrandB,Bakery,Water,5/26/2024,Sensory Evaluation,Severe,Medium,Fine Imposed
599.0,Wine,BrandA,Bakery,Melamine,3/1/2024,Spectroscopy,Minor,High,Product Recall
600.0,Bread,BrandA,Meat,Water,3/2/2024,Chemical Analysis,Moderate,Medium,Product Recall
601.0,Yogurt,BrandD,Beverages,Artificial sweeteners,4/30/2024,Microbiological Analysis,Moderate,Medium,Investigation Launched
602.0,Wine,BrandC,Dairy,Chalk,6/2/2024,Chemical Analysis,Severe,High,Warning Issued
603.0,Beef,BrandE,Bakery,Water,2/1/2024,Microbiological Analysis,Moderate,Medium,Investigation Launched
604.0,Wine,BrandC,Condiments,Artificial sweeteners,4/29/2024,Sensory Evaluation,Minor,High,Investigation Launched
605.0,Milk,BrandD,Dairy,Chalk,4/18/2024,Microbiological Analysis,Moderate,High,Product Recall
606.0,Honey,BrandC,Beverages,Melamine,3/17/2024,Sensory Evaluation,Minor,Low,Fine Imposed
607.0,Wine,BrandC,Condiments,Melamine,1/20/2024,Sensory Evaluation,Minor,High,Product Recall
608.0,Yogurt,BrandC,Beverages,Melamine,5/13/2024,Microbiological Analysis,Minor,Low,Fine Imposed
609.0,Cheese,BrandC,Condiments,Melamine,2/26/2024,Sensory Evaluation,Moderate,High,Investigation Launched
610.0,Yogurt,BrandA,Meat,Coloring agents,6/10/2024,Spectroscopy,Moderate,High,Warning Issued
611.0,Juice,BrandD,Condiments,Coloring agents,3/7/2024,Sensory Evaluation,Severe,Low,Product Recall
612.0,Bread,BrandE,Condiments,Artificial sweeteners,6/8/2024,Microbiological Analysis,Moderate,Medium,Fine Imposed
613.0,Butter,BrandD,Beverages,Melamine,4/15/2024,Chemical Analysis,Moderate,Medium,Investigation Launched
614.0,Cheese,BrandC,Beverages,Water,6/21/2024,Microbiological Analysis,Moderate,High,Product Recall
615.0,Chicken,BrandE,Beverages,Coloring agents,6/5/2024,Sensory Evaluation,Severe,High,Investigation Launched
616.0,Milk,BrandD,Condiments,Melamine,5/3/2024,Chemical Analysis,Severe,Low,Warning Issued
617.0,Milk,BrandE,Condiments,Artificial sweeteners,6/8/2024,Sensory Evaluation,Severe,Low,Fine Imposed
618.0,Butter,BrandE,Meat,Coloring agents,4/20/2024,Microbiological Analysis,Severe,High,Warning Issued
619.0,Milk,BrandA,Dairy,Water,3/9/2024,Microbiological Analysis,Severe,Medium,Fine Imposed
620.0,Wine,BrandD,Meat,Water,4/10/2024,Spectroscopy,Minor,Low,Investigation Launched
621.0,Milk,BrandA,Dairy,Melamine,3/23/2024,Sensory Evaluation,Severe,High,Fine Imposed
622.0,Beef,BrandB,Beverages,Chalk,4/15/2024,Sensory Evaluation,Severe,Low,Product Recall
623.0,Bread,BrandA,Beverages,Chalk,6/10/2024,Chemical Analysis,Severe,Medium,Product Recall
624.0,Honey,BrandE,Beverages,Artificial sweeteners,6/21/2024,Spectroscopy,Moderate,Medium,Fine Imposed
625.0,Cheese,BrandD,Meat,Melamine,4/9/2024,Microbiological Analysis,Moderate,High,Warning Issued
626.0,Chicken,BrandE,Condiments,Melamine,5/8/2024,Sensory Evaluation,Severe,High,Product Recall
627.0,Beef,BrandE,Dairy,Melamine,1/16/2024,Spectroscopy,Moderate,Medium,Fine Imposed
628.0,Milk,BrandC,Dairy,Water,1/3/2024,Spectroscopy,Moderate,Low,Product Recall
629.0,Bread,BrandC,Dairy,Coloring agents,1/23/2024,Spectroscopy,Minor,High,Investigation Launched
630.0,Honey,BrandC,Bakery,Water,1/16/2024,Spectroscopy,Minor,Medium,Product Recall
631.0,Bread,BrandD,Bakery,Chalk,3/14/2024,Sensory Evaluation,Severe,Medium,Product Recall
632.0,Beef,BrandE,Dairy,Melamine,6/28/2024,Sensory Evaluation,Minor,High,Warning Issued
633.0,Yogurt,BrandB,Condiments,Chalk,5/28/2024,Spectroscopy,Severe,High,Warning Issued
634.0,Yogurt,BrandD,Beverages,Water,2/22/2024,Chemical Analysis,Minor,Low,Product Recall
635.0,Bread,BrandE,Beverages,Chalk,4/10/2024,Chemical Analysis,Severe,Low,Investigation Launched
636.0,Chicken,BrandE,Dairy,Coloring agents,1/31/2024,Sensory Evaluation,Moderate,High,Product Recall
637.0,Yogurt,BrandB,Beverages,Melamine,4/14/2024,Microbiological Analysis,Minor,Low,Product Recall
638.0,Yogurt,BrandE,Beverages,Coloring agents,6/29/2024,Spectroscopy,Minor,High,Warning Issued
639.0,Beef,BrandE,Condiments,Artificial sweeteners,4/15/2024,Sensory Evaluation,Moderate,Low,Product Recall
640.0,Honey,BrandB,Condiments,Artificial sweeteners,4/22/2024,Chemical Analysis,Severe,High,Warning Issued
641.0,Chicken,BrandC,Meat,Artificial sweeteners,1/15/2024,Chemical Analysis,Severe,Low,Product Recall
642.0,Wine,BrandB,Beverages,Water,5/21/2024,Spectroscopy,Moderate,Medium,Warning Issued
643.0,Juice,BrandC,Bakery,Chalk,1/26/2024,Chemical Analysis,Moderate,Medium,Fine Imposed
644.0,Milk,BrandE,Meat,Artificial sweeteners,4/4/2024,Spectroscopy,Moderate,Low,Fine Imposed
645.0,Honey,BrandA,Meat,Melamine,3/29/2024,Chemical Analysis,Moderate,High,Warning Issued
646.0,Butter,BrandC,Bakery,Artificial sweeteners,2/10/2024,Chemical Analysis,Severe,Low,Product Recall
647.0,Cheese,BrandC,Condiments,Water,3/9/2024,Microbiological Analysis,Minor,Low,Warning Issued
648.0,Cheese,BrandC,Beverages,Melamine,2/26/2024,Microbiological Analysis,Minor,Low,Product Recall
649.0,Beef,BrandB,Bakery,Chalk,3/14/2024,Sensory Evaluation,Severe,Medium,Investigation Launched
650.0,Honey,BrandD,Meat,Coloring agents,2/16/2024,Chemical Analysis,Moderate,High,Product Recall
651.0,Cheese,BrandD,Meat,Coloring agents,6/7/2024,Spectroscopy,Severe,Medium,Fine Imposed
652.0,Chicken,BrandB,Meat,Chalk,3/16/2024,Spectroscopy,Minor,High,Investigation Launched
653.0,Bread,BrandE,Dairy,Artificial sweeteners,5/18/2024,Sensory Evaluation,Moderate,Low,Product Recall
654.0,Beef,BrandD,Dairy,Coloring agents,3/29/2024,Microbiological Analysis,Moderate,High,Warning Issued
655.0,Cheese,BrandB,Dairy,Melamine,1/24/2024,Microbiological Analysis,Severe,Medium,Warning Issued
656.0,Bread,BrandC,Beverages,Artificial sweeteners,6/26/2024,Spectroscopy,Severe,Medium,Fine Imposed
657.0,Honey,BrandE,Meat,Chalk,1/10/2024,Spectroscopy,Moderate,Low,Investigation Launched
658.0,Cheese,BrandE,Bakery,Coloring agents,3/9/2024,Microbiological Analysis,Moderate,Low,Fine Imposed
659.0,Bread,BrandE,Meat,Coloring agents,1/22/2024,Spectroscopy,Minor,High,Investigation Launched
660.0,Honey,BrandD,Condiments,Melamine,4/1/2024,Chemical Analysis,Moderate,High,Product Recall
661.0,Wine,BrandA,Dairy,Coloring agents,3/11/2024,Microbiological Analysis,Severe,Low,Warning Issued
662.0,Butter,BrandC,Beverages,Chalk,6/30/2024,Microbiological Analysis,Severe,Medium,Product Recall
663.0,Butter,BrandB,Condiments,Artificial sweeteners,5/13/2024,Microbiological Analysis,Moderate,Medium,Product Recall
664.0,Honey,BrandA,Bakery,Water,3/25/2024,Microbiological Analysis,Moderate,Medium,Product Recall
665.0,Juice,BrandE,Dairy,Melamine,5/20/2024,Chemical Analysis,Moderate,Low,Product Recall
666.0,Juice,BrandA,Beverages,Artificial sweeteners,1/31/2024,Spectroscopy,Severe,High,Warning Issued
667.0,Wine,BrandE,Meat,Water,3/25/2024,Microbiological Analysis,Minor,Low,Product Recall
668.0,Wine,BrandE,Bakery,Artificial sweeteners,6/13/2024,Microbiological Analysis,Severe,Low,Product Recall
669.0,Cheese,BrandC,Bakery,Coloring agents,3/19/2024,Microbiological Analysis,Minor,Low,Warning Issued
670.0,Beef,BrandA,Meat,Melamine,6/17/2024,Spectroscopy,Moderate,Medium,Fine Imposed
671.0,Bread,BrandC,Condiments,Water,2/29/2024,Chemical Analysis,Minor,High,Fine Imposed
672.0,Butter,BrandC,Condiments,Water,1/14/2024,Spectroscopy,Moderate,Low,Warning Issued
673.0,Cheese,BrandD,Meat,Coloring agents,5/27/2024,Spectroscopy,Minor,Low,Warning Issued
674.0,Honey,BrandE,Bakery,Artificial sweeteners,6/12/2024,Sensory Evaluation,Minor,Low,Investigation Launched
675.0,Cheese,BrandA,Condiments,Coloring agents,6/13/2024,Chemical Analysis,Minor,High,Warning Issued
676.0,Yogurt,BrandC,Beverages,Chalk,2/16/2024,Chemical Analysis,Severe,Low,Fine Imposed
677.0,Yogurt,BrandD,Bakery,Artificial sweeteners,3/9/2024,Microbiological Analysis,Severe,Low,Investigation Launched
678.0,Bread,BrandA,Condiments,Water,1/16/2024,Sensory Evaluation,Moderate,Medium,Fine Imposed
679.0,Butter,BrandC,Condiments,Melamine,2/12/2024,Spectroscopy,Severe,High,Investigation Launched
680.0,Bread,BrandD,Meat,Water,5/11/2024,Chemical Analysis,Severe,Low,Warning Issued
681.0,Bread,BrandC,Condiments,Coloring agents,1/28/2024,Microbiological Analysis,Severe,Medium,Warning Issued
682.0,Milk,BrandC,Dairy,Coloring agents,1/30/2024,Chemical Analysis,Moderate,High,Warning Issued
683.0,Juice,BrandD,Bakery,Artificial sweeteners,5/3/2024,Microbiological Analysis,Severe,Low,Fine Imposed
684.0,Wine,BrandC,Bakery,Water,4/18/2024,Sensory Evaluation,Minor,Medium,Warning Issued
685.0,Juice,BrandB,Bakery,Chalk,1/10/2024,Sensory Evaluation,Severe,Medium,Investigation Launched
686.0,Chicken,BrandB,Dairy,Water,5/26/2024,Chemical Analysis,Severe,Low,Fine Imposed
687.0,Beef,BrandC,Bakery,Chalk,2/8/2024,Sensory Evaluation,Minor,Low,Warning Issued
688.0,Juice,BrandC,Meat,Melamine,2/25/2024,Spectroscopy,Severe,High,Product Recall
689.0,Beef,BrandE,Dairy,Melamine,3/1/2024,Chemical Analysis,Severe,Medium,Investigation Launched
690.0,Cheese,BrandB,Bakery,Coloring agents,4/16/2024,Chemical Analysis,Severe,Low,Warning Issued
691.0,Honey,BrandC,Bakery,Melamine,1/15/2024,Microbiological Analysis,Moderate,Medium,Warning Issued
692.0,Wine,BrandD,Beverages,Artificial sweeteners,3/1/2024,Microbiological Analysis,Moderate,Medium,Fine Imposed
693.0,Wine,BrandA,Dairy,Chalk,5/4/2024,Microbiological Analysis,Severe,Medium,Product Recall
694.0,Bread,BrandB,Dairy,Coloring agents,6/25/2024,Sensory Evaluation,Moderate,Low,Fine Imposed
695.0,Wine,BrandD,Beverages,Melamine,2/27/2024,Sensory Evaluation,Moderate,High,Investigation Launched
696.0,Yogurt,BrandD,Dairy,Water,4/9/2024,Microbiological Analysis,Severe,Medium,Warning Issued
697.0,Juice,BrandD,Bakery,Artificial sweeteners,3/7/2024,Spectroscopy,Severe,High,Investigation Launched
698.0,Yogurt,BrandD,Bakery,Chalk,5/8/2024,Spectroscopy,Moderate,Low,Fine Imposed
699.0,Beef,BrandC,Bakery,Water,5/13/2024,Sensory Evaluation,Severe,Medium,Fine Imposed
700.0,Chicken,BrandA,Meat,Coloring agents,5/10/2024,Microbiological Analysis,Minor,Low,Fine Imposed
701.0,Yogurt,BrandB,Bakery,Chalk,4/26/2024,Sensory Evaluation,Moderate,Medium,Investigation Launched
702.0,Chicken,BrandC,Condiments,Chalk,5/23/2024,Microbiological Analysis,Minor,High,Warning Issued
703.0,Honey,BrandA,Condiments,Artificial sweeteners,1/9/2024,Sensory Evaluation,Moderate,Low,Product Recall
704.0,Beef,BrandB,Beverages,Water,4/8/2024,Sensory Evaluation,Minor,Low,Fine Imposed
705.0,Butter,BrandA,Condiments,Water,1/21/2024,Chemical Analysis,Minor,High,Product Recall
706.0,Chicken,BrandE,Bakery,Artificial sweeteners,2/5/2024,Chemical Analysis,Minor,High,Product Recall
707.0,Cheese,BrandD,Dairy,Artificial sweeteners,6/2/2024,Microbiological Analysis,Minor,High,Fine Imposed
708.0,Honey,BrandD,Bakery,Chalk,1/3/2024,Microbiological Analysis,Minor,Low,Investigation Launched
709.0,Juice,BrandC,Condiments,Chalk,1/31/2024,Spectroscopy,Minor,Medium,Product Recall
710.0,Yogurt,BrandE,Bakery,Coloring agents,2/24/2024,Microbiological Analysis,Moderate,Medium,Product Recall
711.0,Cheese,BrandE,Meat,Water,4/26/2024,Chemical Analysis,Severe,High,Product Recall
712.0,Yogurt,BrandB,Bakery,Chalk,4/5/2024,Spectroscopy,Severe,Low,Product Recall
713.0,Milk,BrandC,Bakery,Chalk,5/31/2024,Spectroscopy,Minor,Low,Investigation Launched
714.0,Milk,BrandE,Bakery,Water,2/8/2024,Sensory Evaluation,Minor,Low,Fine Imposed
715.0,Beef,BrandC,Dairy,Artificial sweeteners,5/24/2024,Microbiological Analysis,Severe,Medium,Fine Imposed
716.0,Cheese,BrandB,Condiments,Coloring agents,6/19/2024,Microbiological Analysis,Severe,Medium,Warning Issued
717.0,Bread,BrandB,Condiments,Coloring agents,6/5/2024,Chemical Analysis,Severe,Low,Fine Imposed
718.0,Juice,BrandE,Beverages,Artificial sweeteners,3/27/2024,Chemical Analysis,Moderate,High,Investigation Launched
719.0,Bread,BrandA,Beverages,Melamine,4/24/2024,Sensory Evaluation,Minor,Low,Product Recall
720.0,Chicken,BrandB,Dairy,Coloring agents,1/11/2024,Microbiological Analysis,Moderate,Low,Investigation Launched
721.0,Juice,BrandB,Condiments,Melamine,2/1/2024,Spectroscopy,Moderate,Low,Warning Issued
722.0,Milk,BrandE,Dairy,Water,5/6/2024,Chemical Analysis,Severe,High,Fine Imposed
723.0,Butter,BrandC,Meat,Water,2/9/2024,Spectroscopy,Moderate,High,Warning Issued
724.0,Bread,BrandA,Beverages,Chalk,4/1/2024,Sensory Evaluation,Severe,High,Warning Issued
725.0,Beef,BrandB,Dairy,Water,5/28/2024,Sensory Evaluation,Moderate,Medium,Investigation Launched
726.0,Chicken,BrandC,Condiments,Coloring agents,4/7/2024,Spectroscopy,Moderate,Low,Investigation Launched
727.0,Yogurt,BrandE,Dairy,Coloring agents,4/9/2024,Sensory Evaluation,Moderate,High,Warning Issued
728.0,Bread,BrandE,Beverages,Artificial sweeteners,2/28/2024,Sensory Evaluation,Minor,Medium,Warning Issued
729.0,Milk,BrandB,Dairy,Water,3/22/2024,Spectroscopy,Severe,Low,Fine Imposed
730.0,Chicken,BrandC,Beverages,Coloring agents,1/9/2024,Sensory Evaluation,Minor,Medium,Fine Imposed
731.0,Beef,BrandC,Bakery,Water,5/17/2024,Sensory Evaluation,Severe,Medium,Investigation Launched
732.0,Juice,BrandA,Condiments,Chalk,6/4/2024,Microbiological Analysis,Moderate,Medium,Investigation Launched
733.0,Honey,BrandE,Meat,Chalk,3/1/2024,Chemical Analysis,Severe,High,Investigation Launched
734.0,Chicken,BrandA,Bakery,Artificial sweeteners,4/1/2024,Microbiological Analysis,Minor,Medium,Fine Imposed
735.0,Yogurt,BrandC,Dairy,Chalk,2/23/2024,Microbiological Analysis,Severe,Low,Investigation Launched
736.0,Chicken,BrandA,Bakery,Artificial sweeteners,5/25/2024,Sensory Evaluation,Moderate,High,Investigation Launched
737.0,Cheese,BrandB,Dairy,Artificial sweeteners,5/6/2024,Chemical Analysis,Moderate,High,Investigation Launched
738.0,Yogurt,BrandE,Meat,Coloring agents,3/28/2024,Chemical Analysis,Severe,Low,Fine Imposed
739.0,Juice,BrandC,Meat,Coloring agents,1/23/2024,Chemical Analysis,Severe,High,Investigation Launched
740.0,Wine,BrandE,Beverages,Water,4/9/2024,Microbiological Analysis,Moderate,High,Product Recall
741.0,Butter,BrandD,Dairy,Melamine,2/7/2024,Chemical Analysis,Minor,Low,Warning Issued
742.0,Milk,BrandA,Meat,Artificial sweeteners,5/7/2024,Microbiological Analysis,Severe,Low,Warning Issued
743.0,Juice,BrandA,Meat,Water,6/27/2024,Chemical Analysis,Minor,Medium,Fine Imposed
744.0,Butter,BrandA,Beverages,Artificial sweeteners,2/24/2024,Spectroscopy,Minor,Low,Fine Imposed
745.0,Juice,BrandD,Meat,Artificial sweeteners,1/9/2024,Microbiological Analysis,Minor,Low,Investigation Launched
746.0,Butter,BrandC,Meat,Chalk,6/30/2024,Sensory Evaluation,Moderate,Low,Product Recall
747.0,Cheese,BrandE,Meat,Artificial sweeteners,5/20/2024,Sensory Evaluation,Moderate,Low,Investigation Launched
748.0,Chicken,BrandB,Condiments,Coloring agents,2/2/2024,Sensory Evaluation,Minor,Medium,Warning Issued
749.0,Bread,BrandB,Beverages,Melamine,6/4/2024,Sensory Evaluation,Minor,Low,Warning Issued
750.0,Juice,BrandC,Meat,Chalk,6/3/2024,Microbiological Analysis,Moderate,High,Investigation Launched
751.0,Cheese,BrandA,Meat,Coloring agents,1/13/2024,Chemical Analysis,Moderate,Medium,Product Recall
752.0,Wine,BrandD,Meat,Artificial sweeteners,5/12/2024,Sensory Evaluation,Minor,Low,Investigation Launched
753.0,Honey,BrandB,Bakery,Melamine,5/26/2024,Chemical Analysis,Moderate,Low,Fine Imposed
754.0,Beef,BrandD,Bakery,Coloring agents,3/22/2024,Spectroscopy,Minor,Medium,Investigation Launched
755.0,Chicken,BrandE,Dairy,Water,1/12/2024,Spectroscopy,Severe,High,Product Recall
756.0,Wine,BrandB,Dairy,Coloring agents,5/22/2024,Spectroscopy,Moderate,High,Fine Imposed
757.0,Honey,BrandA,Meat,Artificial sweeteners,3/26/2024,Microbiological Analysis,Moderate,Medium,Product Recall
758.0,Cheese,BrandA,Beverages,Water,3/18/2024,Chemical Analysis,Severe,Medium,Investigation Launched
759.0,Bread,BrandE,Dairy,Artificial sweeteners,3/5/2024,Spectroscopy,Severe,High,Fine Imposed
760.0,Butter,BrandC,Meat,Water,4/16/2024,Sensory Evaluation,Severe,Medium,Fine Imposed
761.0,Butter,BrandC,Condiments,Water,3/19/2024,Spectroscopy,Severe,Medium,Investigation Launched
762.0,Beef,BrandB,Dairy,Artificial sweeteners,2/10/2024,Chemical Analysis,Moderate,Low,Fine Imposed
763.0,Chicken,BrandA,Condiments,Melamine,4/15/2024,Sensory Evaluation,Minor,Low,Product Recall
764.0,Bread,BrandC,Condiments,Coloring agents,6/26/2024,Sensory Evaluation,Moderate,Low,Fine Imposed
765.0,Honey,BrandC,Bakery,Coloring agents,5/16/2024,Sensory Evaluation,Minor,Medium,Product Recall
766.0,Juice,BrandC,Bakery,Artificial sweeteners,4/23/2024,Spectroscopy,Minor,Medium,Product Recall
767.0,Beef,BrandD,Beverages,Coloring agents,6/19/2024,Microbiological Analysis,Moderate,Low,Fine Imposed
768.0,Juice,BrandE,Beverages,Chalk,4/19/2024,Spectroscopy,Severe,High,Product Recall
769.0,Milk,BrandC,Bakery,Water,2/18/2024,Microbiological Analysis,Minor,Medium,Product Recall
770.0,Yogurt,BrandE,Condiments,Coloring agents,5/24/2024,Microbiological Analysis,Minor,Low,Fine Imposed
771.0,Honey,BrandA,Bakery,Artificial sweeteners,3/28/2024,Sensory Evaluation,Minor,Low,Product Recall
772.0,Chicken,BrandE,Dairy,Water,5/8/2024,Chemical Analysis,Moderate,High,Investigation Launched
773.0,Wine,BrandD,Bakery,Melamine,1/15/2024,Chemical Analysis,Moderate,High,Product Recall
774.0,Bread,BrandD,Meat,Melamine,4/23/2024,Sensory Evaluation,Minor,Medium,Warning Issued
775.0,Milk,BrandB,Meat,Melamine,2/19/2024,Spectroscopy,Severe,High,Warning Issued
776.0,Wine,BrandB,Beverages,Coloring agents,2/20/2024,Sensory Evaluation,Minor,Medium,Warning Issued
777.0,Cheese,BrandD,Bakery,Melamine,2/15/2024,Spectroscopy,Severe,High,Investigation Launched
778.0,Butter,BrandB,Bakery,Artificial sweeteners,6/23/2024,Chemical Analysis,Minor,Low,Fine Imposed
779.0,Butter,BrandA,Beverages,Coloring agents,1/9/2024,Chemical Analysis,Minor,Low,Investigation Launched
780.0,Juice,BrandC,Meat,Melamine,2/28/2024,Spectroscopy,Minor,High,Investigation Launched
781.0,Cheese,BrandD,Beverages,Coloring agents,6/12/2024,Microbiological Analysis,Minor,High,Fine Imposed
782.0,Honey,BrandE,Meat,Water,3/30/2024,Sensory Evaluation,Severe,High,Fine Imposed
783.0,Yogurt,BrandA,Beverages,Chalk,5/6/2024,Chemical Analysis,Moderate,High,Fine Imposed
784.0,Yogurt,BrandC,Dairy,Chalk,6/18/2024,Spectroscopy,Severe,Low,Fine Imposed
785.0,Chicken,BrandB,Dairy,Coloring agents,4/21/2024,Chemical Analysis,Minor,Low,Investigation Launched
786.0,Juice,BrandD,Dairy,Chalk,2/17/2024,Sensory Evaluation,Minor,High,Investigation Launched
787.0,Cheese,BrandD,Condiments,Water,4/30/2024,Sensory Evaluation,Severe,Medium,Fine Imposed
788.0,Butter,BrandE,Beverages,Artificial sweeteners,1/23/2024,Sensory Evaluation,Severe,Low,Investigation Launched
789.0,Chicken,BrandE,Dairy,Melamine,6/25/2024,Microbiological Analysis,Severe,Medium,Product Recall
790.0,Butter,BrandA,Beverages,Coloring agents,4/1/2024,Sensory Evaluation,Minor,Medium,Investigation Launched
791.0,Yogurt,BrandA,Condiments,Artificial sweeteners,6/4/2024,Spectroscopy,Moderate,Medium,Warning Issued
792.0,Juice,BrandA,Condiments,Coloring agents,5/17/2024,Chemical Analysis,Minor,High,Warning Issued
793.0,Cheese,BrandA,Dairy,Water,6/13/2024,Sensory Evaluation,Minor,High,Product Recall
794.0,Bread,BrandA,Dairy,Melamine,5/22/2024,Chemical Analysis,Minor,High,Investigation Launched
795.0,Milk,BrandE,Meat,Chalk,3/6/2024,Chemical Analysis,Minor,High,Fine Imposed
796.0,Milk,BrandC,Meat,Melamine,4/15/2024,Chemical Analysis,Moderate,Medium,Product Recall
797.0,Bread,BrandB,Dairy,Artificial sweeteners,4/5/2024,Chemical Analysis,Severe,High,Warning Issued
798.0,Yogurt,BrandD,Meat,Melamine,4/17/2024,Chemical Analysis,Severe,Medium,Fine Imposed
799.0,Chicken,BrandC,Dairy,Artificial sweeteners,3/24/2024,Sensory Evaluation,Moderate,Low,Investigation Launched
800.0,Wine,BrandD,Beverages,Melamine,1/12/2024,Spectroscopy,Severe,Medium,Investigation Launched
801.0,Honey,BrandA,Beverages,Water,1/11/2024,Chemical Analysis,Moderate,Medium,Product Recall
802.0,Cheese,BrandA,Beverages,Chalk,5/10/2024,Spectroscopy,Moderate,Medium,Product Recall
803.0,Butter,BrandA,Meat,Chalk,2/28/2024,Microbiological Analysis,Moderate,High,Warning Issued
804.0,Wine,BrandA,Condiments,Water,1/12/2024,Microbiological Analysis,Minor,Medium,Product Recall
805.0,Honey,BrandA,Dairy,Water,3/28/2024,Sensory Evaluation,Moderate,Low,Warning Issued
806.0,Milk,BrandD,Meat,Water,6/14/2024,Chemical Analysis,Moderate,Medium,Investigation Launched
807.0,Chicken,BrandB,Meat,Coloring agents,5/1/2024,Sensory Evaluation,Severe,Medium,Fine Imposed
808.0,Chicken,BrandA,Beverages,Melamine,6/12/2024,Sensory Evaluation,Minor,Medium,Warning Issued
809.0,Yogurt,BrandB,Dairy,Chalk,3/10/2024,Spectroscopy,Severe,High,Investigation Launched
810.0,Chicken,BrandB,Beverages,Chalk,4/5/2024,Microbiological Analysis,Severe,Low,Fine Imposed
811.0,Honey,BrandE,Bakery,Melamine,5/20/2024,Spectroscopy,Severe,High,Warning Issued
812.0,Juice,BrandD,Meat,Coloring agents,2/20/2024,Sensory Evaluation,Moderate,Low,Warning Issued
813.0,Juice,BrandE,Dairy,Artificial sweeteners,4/15/2024,Sensory Evaluation,Minor,Low,Warning Issued
814.0,Milk,BrandC,Meat,Coloring agents,1/21/2024,Chemical Analysis,Severe,Low,Warning Issued
815.0,Wine,BrandA,Bakery,Artificial sweeteners,3/7/2024,Microbiological Analysis,Moderate,Medium,Warning Issued
816.0,Chicken,BrandA,Condiments,Chalk,4/21/2024,Chemical Analysis,Minor,High,Product Recall
817.0,Bread,BrandB,Dairy,Melamine,3/16/2024,Microbiological Analysis,Minor,Low,Warning Issued
818.0,Chicken,BrandE,Meat,Coloring agents,2/13/2024,Chemical Analysis,Severe,High,Investigation Launched
819.0,Chicken,BrandD,Beverages,Water,5/10/2024,Microbiological Analysis,Moderate,Medium,Investigation Launched
820.0,Beef,BrandA,Dairy,Artificial sweeteners,2/18/2024,Chemical Analysis,Severe,Medium,Product Recall
821.0,Wine,BrandD,Beverages,Coloring agents,6/4/2024,Microbiological Analysis,Severe,Low,Product Recall
822.0,Yogurt,BrandC,Meat,Coloring agents,1/29/2024,Microbiological Analysis,Minor,Medium,Product Recall
823.0,Bread,BrandB,Condiments,Coloring agents,6/3/2024,Sensory Evaluation,Moderate,Medium,Product Recall
824.0,Wine,BrandC,Bakery,Coloring agents,5/7/2024,Sensory Evaluation,Minor,High,Fine Imposed
825.0,Honey,BrandD,Condiments,Melamine,4/9/2024,Microbiological Analysis,Minor,Medium,Fine Imposed
826.0,Wine,BrandE,Beverages,Coloring agents,1/4/2024,Sensory Evaluation,Minor,Medium,Product Recall
827.0,Juice,BrandA,Beverages,Chalk,1/31/2024,Chemical Analysis,Minor,High,Product Recall
828.0,Beef,BrandC,Condiments,Artificial sweeteners,3/10/2024,Microbiological Analysis,Severe,High,Fine Imposed
829.0,Butter,BrandA,Bakery,Coloring agents,5/4/2024,Sensory Evaluation,Severe,High,Warning Issued
830.0,Juice,BrandA,Meat,Melamine,6/18/2024,Microbiological Analysis,Minor,Medium,Product Recall
831.0,Yogurt,BrandD,Meat,Coloring agents,2/5/2024,Spectroscopy,Severe,Medium,Investigation Launched
832.0,Chicken,BrandD,Condiments,Chalk,6/3/2024,Sensory Evaluation,Minor,High,Product Recall
833.0,Cheese,BrandD,Meat,Chalk,1/12/2024,Microbiological Analysis,Moderate,Medium,Investigation Launched
834.0,Juice,BrandC,Meat,Melamine,1/5/2024,Spectroscopy,Moderate,High,Fine Imposed
835.0,Chicken,BrandB,Condiments,Water,6/18/2024,Sensory Evaluation,Severe,Low,Product Recall
836.0,Bread,BrandC,Meat,Chalk,5/27/2024,Sensory Evaluation,Severe,High,Investigation Launched
837.0,Beef,BrandE,Meat,Artificial sweeteners,2/28/2024,Spectroscopy,Severe,High,Investigation Launched
838.0,Yogurt,BrandC,Meat,Artificial sweeteners,5/12/2024,Spectroscopy,Severe,Medium,Fine Imposed
839.0,Bread,BrandA,Beverages,Artificial sweeteners,4/2/2024,Sensory Evaluation,Severe,High,Product Recall
840.0,Chicken,BrandE,Bakery,Melamine,4/14/2024,Chemical Analysis,Minor,High,Warning Issued
841.0,Yogurt,BrandA,Beverages,Coloring agents,6/15/2024,Chemical Analysis,Severe,High,Fine Imposed
842.0,Bread,BrandA,Condiments,Coloring agents,6/1/2024,Microbiological Analysis,Minor,Low,Product Recall
843.0,Chicken,BrandA,Meat,Chalk,1/7/2024,Spectroscopy,Severe,Medium,Fine Imposed
844.0,Wine,BrandE,Meat,Water,1/17/2024,Spectroscopy,Minor,Low,Product Recall
845.0,Milk,BrandD,Meat,Chalk,3/21/2024,Microbiological Analysis,Severe,High,Fine Imposed
846.0,Yogurt,BrandD,Dairy,Artificial sweeteners,4/16/2024,Chemical Analysis,Moderate,High,Product Recall
847.0,Beef,BrandA,Condiments,Coloring agents,2/12/2024,Spectroscopy,Severe,High,Fine Imposed
848.0,Bread,BrandA,Dairy,Water,6/3/2024,Chemical Analysis,Minor,Medium,Fine Imposed
849.0,Beef,BrandC,Bakery,Artificial sweeteners,5/19/2024,Sensory Evaluation,Severe,High,Warning Issued
850.0,Cheese,BrandB,Bakery,Coloring agents,1/8/2024,Spectroscopy,Moderate,Medium,Product Recall
851.0,Butter,BrandB,Beverages,Artificial sweeteners,2/28/2024,Chemical Analysis,Severe,Medium,Fine Imposed
852.0,Bread,BrandA,Bakery,Artificial sweeteners,1/6/2024,Chemical Analysis,Minor,Low,Warning Issued
853.0,Wine,BrandB,Dairy,Chalk,2/5/2024,Sensory Evaluation,Severe,Low,Investigation Launched
854.0,Butter,BrandD,Bakery,Chalk,5/8/2024,Chemical Analysis,Minor,Low,Product Recall
855.0,Juice,BrandD,Beverages,Artificial sweeteners,5/4/2024,Spectroscopy,Moderate,High,Fine Imposed
856.0,Beef,BrandE,Condiments,Artificial sweeteners,1/4/2024,Spectroscopy,Moderate,Low,Investigation Launched
857.0,Wine,BrandE,Beverages,Melamine,1/10/2024,Spectroscopy,Severe,Medium,Warning Issued
858.0,Beef,BrandD,Meat,Melamine,1/14/2024,Microbiological Analysis,Minor,Low,Product Recall
859.0,Bread,BrandC,Dairy,Artificial sweeteners,3/19/2024,Microbiological Analysis,Severe,High,Investigation Launched
860.0,Beef,BrandD,Bakery,Coloring agents,4/7/2024,Spectroscopy,Minor,Low,Fine Imposed
861.0,Honey,BrandA,Bakery,Chalk,6/23/2024,Microbiological Analysis,Moderate,High,Product Recall
862.0,Bread,BrandA,Condiments,Chalk,3/18/2024,Microbiological Analysis,Severe,Medium,Product Recall
863.0,Butter,BrandD,Dairy,Water,1/19/2024,Sensory Evaluation,Minor,Low,Fine Imposed
864.0,Wine,BrandB,Meat,Artificial sweeteners,5/22/2024,Spectroscopy,Minor,High,Investigation Launched
865.0,Honey,BrandD,Condiments,Water,5/18/2024,Chemical Analysis,Minor,Low,Fine Imposed
866.0,Butter,BrandD,Bakery,Water,6/26/2024,Microbiological Analysis,Moderate,Low,Product Recall
867.0,Milk,BrandE,Condiments,Chalk,4/6/2024,Chemical Analysis,Severe,Low,Fine Imposed
868.0,Chicken,BrandE,Bakery,Chalk,3/27/2024,Chemical Analysis,Severe,Low,Product Recall
869.0,Milk,BrandE,Dairy,Chalk,5/2/2024,Spectroscopy,Moderate,Low,Investigation Launched
870.0,Wine,BrandB,Condiments,Artificial sweeteners,3/13/2024,Microbiological Analysis,Minor,High,Warning Issued
871.0,Beef,BrandE,Bakery,Water,5/24/2024,Sensory Evaluation,Moderate,Low,Investigation Launched
872.0,Chicken,BrandC,Meat,Chalk,6/27/2024,Spectroscopy,Severe,Medium,Product Recall
873.0,Milk,BrandC,Condiments,Water,6/25/2024,Sensory Evaluation,Minor,High,Investigation Launched
874.0,Chicken,BrandA,Beverages,Coloring agents,2/17/2024,Chemical Analysis,Severe,High,Investigation Launched
875.0,Butter,BrandD,Dairy,Water,4/16/2024,Sensory Evaluation,Severe,High,Warning Issued
876.0,Yogurt,BrandC,Dairy,Coloring agents,1/11/2024,Spectroscopy,Severe,Medium,Product Recall
877.0,Wine,BrandC,Meat,Chalk,6/2/2024,Microbiological Analysis,Minor,Medium,Investigation Launched
878.0,Juice,BrandC,Condiments,Chalk,5/22/2024,Sensory Evaluation,Minor,Low,Fine Imposed
879.0,Yogurt,BrandB,Bakery,Coloring agents,1/15/2024,Spectroscopy,Severe,Medium,Investigation Launched
880.0,Milk,BrandA,Bakery,Water,5/21/2024,Chemical Analysis,Moderate,Low,Fine Imposed
881.0,Butter,BrandA,Beverages,Water,3/29/2024,Microbiological Analysis,Minor,High,Product Recall
882.0,Wine,BrandC,Bakery,Melamine,5/24/2024,Microbiological Analysis,Minor,High,Investigation Launched
883.0,Butter,BrandA,Bakery,Chalk,6/28/2024,Spectroscopy,Minor,Medium,Product Recall
884.0,Milk,BrandD,Dairy,Water,3/26/2024,Spectroscopy,Moderate,Medium,Product Recall
885.0,Juice,BrandA,Meat,Water,1/5/2024,Sensory Evaluation,Minor,High,Fine Imposed
886.0,Milk,BrandB,Meat,Water,2/15/2024,Chemical Analysis,Moderate,Low,Warning Issued
887.0,Wine,BrandD,Dairy,Coloring agents,2/12/2024,Microbiological Analysis,Moderate,Medium,Investigation Launched
888.0,Honey,BrandC,Condiments,Water,2/16/2024,Sensory Evaluation,Moderate,High,Investigation Launched
889.0,Chicken,BrandB,Condiments,Artificial sweeteners,1/6/2024,Microbiological Analysis,Moderate,Medium,Investigation Launched
890.0,Chicken,BrandC,Dairy,Coloring agents,4/23/2024,Spectroscopy,Moderate,High,Product Recall
891.0,Butter,BrandB,Condiments,Coloring agents,6/15/2024,Microbiological Analysis,Moderate,Low,Product Recall
892.0,Wine,BrandB,Condiments,Water,1/23/2024,Sensory Evaluation,Moderate,Low,Fine Imposed
893.0,Wine,BrandA,Dairy,Coloring agents,1/29/2024,Chemical Analysis,Minor,Low,Warning Issued
894.0,Milk,BrandE,Meat,Coloring agents,5/26/2024,Spectroscopy,Minor,Low,Investigation Launched
895.0,Chicken,BrandD,Dairy,Artificial sweeteners,3/6/2024,Sensory Evaluation,Minor,Medium,Investigation Launched
896.0,Bread,BrandA,Meat,Water,6/19/2024,Microbiological Analysis,Moderate,Low,Product Recall
897.0,Juice,BrandE,Condiments,Melamine,4/24/2024,Microbiological Analysis,Moderate,Low,Investigation Launched
898.0,Wine,BrandC,Beverages,Coloring agents,1/4/2024,Microbiological Analysis,Severe,High,Warning Issued
899.0,Chicken,BrandB,Beverages,Chalk,2/29/2024,Sensory Evaluation,Minor,Medium,Product Recall
900.0,Wine,BrandC,Meat,Melamine,4/21/2024,Spectroscopy,Moderate,High,Investigation Launched
901.0,Bread,BrandA,Meat,Water,3/20/2024,Chemical Analysis,Minor,High,Product Recall
902.0,Wine,BrandD,Bakery,Chalk,2/6/2024,Microbiological Analysis,Moderate,Medium,Product Recall
903.0,Juice,BrandD,Condiments,Water,1/16/2024,Microbiological Analysis,Severe,Medium,Warning Issued
904.0,Juice,BrandD,Beverages,Coloring agents,3/17/2024,Spectroscopy,Moderate,Medium,Fine Imposed
905.0,Chicken,BrandA,Bakery,Melamine,3/19/2024,Sensory Evaluation,Minor,High,Warning Issued
906.0,Milk,BrandA,Meat,Chalk,4/13/2024,Microbiological Analysis,Moderate,Low,Investigation Launched
907.0,Milk,BrandA,Dairy,Melamine,2/8/2024,Microbiological Analysis,Severe,Medium,Fine Imposed
908.0,Wine,BrandE,Condiments,Artificial sweeteners,4/8/2024,Chemical Analysis,Severe,Low,Fine Imposed
909.0,Milk,BrandA,Meat,Water,5/2/2024,Sensory Evaluation,Moderate,Low,Product Recall
910.0,Beef,BrandD,Meat,Water,6/3/2024,Microbiological Analysis,Severe,High,Product Recall
911.0,Bread,BrandE,Condiments,Coloring agents,3/26/2024,Spectroscopy,Moderate,Low,Investigation Launched
912.0,Cheese,BrandC,Bakery,Melamine,6/2/2024,Sensory Evaluation,Moderate,High,Fine Imposed
913.0,Milk,BrandE,Beverages,Artificial sweeteners,2/5/2024,Sensory Evaluation,Minor,Low,Investigation Launched
914.0,Cheese,BrandD,Bakery,Melamine,5/19/2024,Microbiological Analysis,Minor,Medium,Product Recall
915.0,Honey,BrandD,Meat,Artificial sweeteners,2/15/2024,Chemical Analysis,Severe,Low,Product Recall
916.0,Beef,BrandB,Dairy,Artificial sweeteners,6/4/2024,Microbiological Analysis,Severe,Medium,Investigation Launched
917.0,Honey,BrandA,Beverages,Artificial sweeteners,1/30/2024,Spectroscopy,Severe,High,Warning Issued
918.0,Chicken,BrandE,Beverages,Melamine,2/4/2024,Spectroscopy,Minor,Medium,Warning Issued
919.0,Yogurt,BrandB,Beverages,Water,4/20/2024,Chemical Analysis,Minor,High,Warning Issued
920.0,Honey,BrandA,Bakery,Melamine,4/27/2024,Spectroscopy,Moderate,Medium,Product Recall
921.0,Beef,BrandB,Meat,Chalk,6/15/2024,Chemical Analysis,Moderate,Medium,Warning Issued
922.0,Chicken,BrandB,Bakery,Chalk,3/25/2024,Chemical Analysis,Moderate,High,Product Recall
923.0,Beef,BrandE,Dairy,Chalk,3/26/2024,Spectroscopy,Moderate,High,Investigation Launched
924.0,Honey,BrandC,Condiments,Artificial sweeteners,1/17/2024,Sensory Evaluation,Severe,Medium,Product Recall
925.0,Chicken,BrandD,Meat,Water,3/1/2024,Chemical Analysis,Minor,Low,Warning Issued
926.0,Cheese,BrandC,Beverages,Chalk,1/8/2024,Sensory Evaluation,Minor,High,Product Recall
927.0,Honey,BrandE,Beverages,Chalk,6/13/2024,Chemical Analysis,Severe,Medium,Investigation Launched
928.0,Beef,BrandC,Bakery,Water,3/4/2024,Sensory Evaluation,Moderate,Low,Investigation Launched
929.0,Yogurt,BrandE,Condiments,Water,5/9/2024,Microbiological Analysis,Minor,High,Product Recall
930.0,Yogurt,BrandC,Dairy,Water,3/26/2024,Microbiological Analysis,Moderate,Low,Investigation Launched
931.0,Milk,BrandE,Meat,Coloring agents,3/26/2024,Spectroscopy,Moderate,Medium,Warning Issued
932.0,Chicken,BrandD,Dairy,Water,4/29/2024,Sensory Evaluation,Moderate,High,Fine Imposed
933.0,Yogurt,BrandD,Condiments,Water,5/26/2024,Chemical Analysis,Moderate,Low,Product Recall
934.0,Chicken,BrandA,Bakery,Coloring agents,1/24/2024,Chemical Analysis,Moderate,Low,Product Recall
935.0,Yogurt,BrandA,Bakery,Chalk,6/12/2024,Chemical Analysis,Moderate,Medium,Fine Imposed
936.0,Yogurt,BrandD,Bakery,Artificial sweeteners,4/16/2024,Chemical Analysis,Minor,Medium,Fine Imposed
937.0,Juice,BrandA,Condiments,Chalk,3/29/2024,Sensory Evaluation,Minor,Low,Investigation Launched
938.0,Wine,BrandC,Beverages,Coloring agents,5/5/2024,Sensory Evaluation,Severe,Low,Investigation Launched
939.0,Juice,BrandC,Beverages,Water,5/8/2024,Microbiological Analysis,Severe,High,Product Recall
940.0,Chicken,BrandC,Bakery,Water,2/14/2024,Microbiological Analysis,Minor,Medium,Warning Issued
941.0,Milk,BrandD,Bakery,Coloring agents,1/7/2024,Microbiological Analysis,Moderate,High,Investigation Launched
942.0,Cheese,BrandB,Meat,Melamine,1/11/2024,Chemical Analysis,Moderate,Low,Warning Issued
943.0,Chicken,BrandD,Dairy,Coloring agents,6/6/2024,Chemical Analysis,Moderate,Low,Product Recall
944.0,Honey,BrandE,Meat,Water,6/17/2024,Microbiological Analysis,Minor,High,Product Recall
945.0,Beef,BrandA,Meat,Melamine,1/10/2024,Microbiological Analysis,Minor,Medium,Fine Imposed
946.0,Bread,BrandD,Dairy,Water,5/8/2024,Chemical Analysis,Minor,Low,Fine Imposed
947.0,Milk,BrandB,Bakery,Chalk,3/1/2024,Chemical Analysis,Moderate,High,Fine Imposed
948.0,Cheese,BrandE,Beverages,Artificial sweeteners,5/1/2024,Microbiological Analysis,Severe,High,Product Recall
949.0,Cheese,BrandE,Bakery,Coloring agents,5/31/2024,Spectroscopy,Minor,High,Warning Issued
950.0,Bread,BrandC,Dairy,Artificial sweeteners,5/27/2024,Microbiological Analysis,Minor,Low,Warning Issued
951.0,Wine,BrandC,Beverages,Melamine,5/2/2024,Chemical Analysis,Moderate,Medium,Warning Issued
952.0,Honey,BrandC,Bakery,Artificial sweeteners,2/27/2024,Spectroscopy,Minor,Medium,Investigation Launched
953.0,Milk,BrandE,Condiments,Artificial sweeteners,1/8/2024,Sensory Evaluation,Minor,Low,Warning Issued
954.0,Cheese,BrandD,Condiments,Water,6/23/2024,Sensory Evaluation,Severe,High,Product Recall
955.0,Cheese,BrandA,Meat,Chalk,5/18/2024,Spectroscopy,Moderate,Medium,Product Recall
956.0,Chicken,BrandD,Dairy,Water,4/20/2024,Sensory Evaluation,Moderate,Medium,Warning Issued
957.0,Butter,BrandC,Meat,Water,2/28/2024,Spectroscopy,Moderate,High,Product Recall
958.0,Beef,BrandE,Bakery,Artificial sweeteners,2/12/2024,Sensory Evaluation,Severe,High,Warning Issued
959.0,Honey,BrandE,Dairy,Chalk,5/7/2024,Chemical Analysis,Minor,Medium,Fine Imposed
960.0,Beef,BrandB,Meat,Melamine,1/2/2024,Spectroscopy,Severe,Low,Fine Imposed
961.0,Juice,BrandA,Condiments,Artificial sweeteners,5/21/2024,Chemical Analysis,Severe,Medium,Fine Imposed
962.0,Beef,BrandA,Dairy,Water,2/2/2024,Microbiological Analysis,Moderate,High,Warning Issued
963.0,Bread,BrandA,Beverages,Water,4/19/2024,Spectroscopy,Minor,Medium,Product Recall
964.0,Wine,BrandE,Beverages,Chalk,4/25/2024,Microbiological Analysis,Severe,High,Warning Issued
965.0,Chicken,BrandD,Dairy,Chalk,3/8/2024,Chemical Analysis,Moderate,Medium,Fine Imposed
966.0,Yogurt,BrandB,Condiments,Chalk,5/31/2024,Spectroscopy,Severe,Low,Product Recall
967.0,Milk,BrandB,Beverages,Artificial sweeteners,5/14/2024,Sensory Evaluation,Minor,High,Warning Issued
968.0,Chicken,BrandB,Bakery,Melamine,5/31/2024,Chemical Analysis,Minor,High,Fine Imposed
969.0,Bread,BrandD,Dairy,Coloring agents,2/12/2024,Microbiological Analysis,Severe,High,Fine Imposed
970.0,Milk,BrandB,Meat,Chalk,3/10/2024,Chemical Analysis,Minor,High,Product Recall
971.0,Juice,BrandA,Bakery,Coloring agents,1/2/2024,Microbiological Analysis,Moderate,Low,Fine Imposed
972.0,Wine,BrandC,Dairy,Artificial sweeteners,4/26/2024,Chemical Analysis,Moderate,Medium,Investigation Launched
973.0,Beef,BrandD,Meat,Melamine,1/27/2024,Microbiological Analysis,Severe,Medium,Product Recall
974.0,Chicken,BrandD,Dairy,Coloring agents,4/7/2024,Sensory Evaluation,Moderate,Medium,Investigation Launched
975.0,Cheese,BrandE,Condiments,Chalk,1/29/2024,Microbiological Analysis,Moderate,High,Investigation Launched
976.0,Honey,BrandC,Dairy,Artificial sweeteners,1/17/2024,Microbiological Analysis,Minor,Medium,Fine Imposed
977.0,Cheese,BrandE,Dairy,Artificial sweeteners,4/18/2024,Microbiological Analysis,Moderate,Low,Warning Issued
978.0,Butter,BrandB,Beverages,Chalk,3/5/2024,Sensory Evaluation,Moderate,Medium,Warning Issued
979.0,Butter,BrandE,Beverages,Water,3/5/2024,Chemical Analysis,Moderate,Low,Product Recall
980.0,Wine,BrandA,Bakery,Melamine,2/23/2024,Microbiological Analysis,Moderate,Low,Investigation Launched
981.0,Bread,BrandB,Condiments,Coloring agents,2/7/2024,Sensory Evaluation,Minor,Low,Product Recall
982.0,Milk,BrandA,Meat,Chalk,4/25/2024,Sensory Evaluation,Minor,Medium,Product Recall
983.0,Milk,BrandB,Meat,Artificial sweeteners,5/21/2024,Microbiological Analysis,Moderate,Low,Product Recall
984.0,Cheese,BrandA,Condiments,Coloring agents,4/29/2024,Microbiological Analysis,Minor,Low,Investigation Launched
985.0,Bread,BrandE,Condiments,Artificial sweeteners,6/19/2024,Microbiological Analysis,Severe,Medium,Product Recall
986.0,Chicken,BrandA,Meat,Melamine,1/22/2024,Chemical Analysis,Severe,Low,Investigation Launched
987.0,Bread,BrandE,Meat,Coloring agents,5/11/2024,Microbiological Analysis,Severe,High,Product Recall
988.0,Juice,BrandC,Bakery,Coloring agents,3/26/2024,Sensory Evaluation,Minor,Low,Product Recall
989.0,Yogurt,BrandB,Dairy,Melamine,3/19/2024,Chemical Analysis,Moderate,High,Warning Issued
990.0,Juice,BrandD,Dairy,Artificial sweeteners,1/18/2024,Spectroscopy,Moderate,High,Fine Imposed
991.0,Yogurt,BrandB,Bakery,Water,2/14/2024,Chemical Analysis,Minor,High,Warning Issued
992.0,Honey,BrandE,Beverages,Coloring agents,5/28/2024,Sensory Evaluation,Moderate,High,Product Recall
993.0,Chicken,BrandE,Meat,Chalk,3/20/2024,Chemical Analysis,Severe,Low,Product Recall
994.0,Milk,BrandB,Dairy,Artificial sweeteners,3/23/2024,Microbiological Analysis,Severe,Low,Product Recall
995.0,Juice,BrandB,Beverages,Coloring agents,1/12/2024,Microbiological Analysis,Severe,Medium,Warning Issued
996.0,Butter,BrandD,Beverages,Artificial sweeteners,6/13/2024,Chemical Analysis,Minor,Medium,Fine Imposed
997.0,Beef,BrandD,Beverages,Melamine,5/26/2024,Microbiological Analysis,Minor,Medium,Warning Issued
998.0,Bread,BrandD,Dairy,Chalk,3/25/2024,Microbiological Analysis,Moderate,High,Fine Imposed
999.0,Juice,BrandE,Beverages,Chalk,3/2/2024,Spectroscopy,Minor,High,Product Recall
1000.0,Chicken,BrandC,Meat,Artificial sweeteners,5/27/2024,Spectroscopy,Minor,Low,Warning Issued
